Rk,Player,Age,Team,Pos,G,GS,MP,PER,TS%,3PAr,FTr,ORB%,DRB%,TRB%,AST%,STL%,BLK%,TOV%,USG%,OWS,DWS,WS,WS/48,OBPM,DBPM,BPM,VORP,Awards,Player-additional,Year
1,Kevin Durant,21,OKC,SF,82,82,3239,26.2,0.607,0.21,0.504,3.8,17.9,11.0,13.5,1.8,1.9,11.7,32.0,11.1,5.0,16.1,0.238,6.3,0.8,7.1,7.5,MVP-2ASNBA1,duranke01,2010
2,Andre Iguodala,26,PHI,SF,82,82,3193,17.8,0.535,0.271,0.384,3.0,16.8,9.8,23.7,2.3,1.4,14.3,21.8,4.0,2.8,6.7,0.101,2.0,0.4,2.4,3.5,,iguodan01,2010
3,Rudy Gay,23,MEM,SF,80,80,3175,16.2,0.535,0.157,0.311,4.2,13.2,8.7,7.8,1.9,1.5,10.3,22.5,4.0,2.4,6.4,0.096,0.8,-0.3,0.5,2.0,,gayru01,2010
4,Stephen Jackson,31,2TM,SG,81,81,3129,15.6,0.518,0.277,0.306,3.0,12.2,7.7,17.7,2.2,1.1,13.9,27.5,0.5,4.6,5.0,0.077,0.3,0.1,0.4,1.9,MVP-12,jacksst02,2010
5,Stephen Jackson,31,GSW,PF,9,9,300,14.5,0.499,0.301,0.278,2.2,10.9,6.5,21.3,2.2,1.4,14.8,25.0,-0.1,0.2,0.0,0.008,0.2,-1.5,-1.3,0.1,,jacksst02,2010
6,Stephen Jackson,31,CHA,SG,72,72,2829,15.7,0.52,0.275,0.309,3.1,12.3,7.8,17.3,2.2,1.1,13.8,27.8,0.6,4.4,5.0,0.085,0.3,0.3,0.6,1.8,,jacksst02,2010
7,Gerald Wallace,27,CHA,SF,76,76,3119,18.3,0.586,0.148,0.577,5.9,23.2,14.7,9.0,2.0,2.2,13.1,20.3,5.3,6.2,11.5,0.177,1.0,1.7,2.7,3.7,DPOY-3AS,wallage01,2010
8,O.J. Mayo,22,MEM,SG,82,82,3113,14.6,0.551,0.3,0.221,2.3,9.4,5.8,12.2,1.6,0.4,11.9,20.7,4.3,1.4,5.6,0.087,0.8,-0.8,0.0,1.6,,mayooj01,2010
9,Zach Randolph,28,MEM,PF,81,81,3051,21.2,0.546,0.039,0.348,12.6,23.8,18.2,8.2,1.3,0.8,10.1,24.6,7.0,2.7,9.7,0.153,2.7,-1.4,1.3,2.5,AS,randoza01,2010
10,Jeff Green,23,OKC,PF,82,82,3043,13.8,0.53,0.292,0.208,4.3,13.9,9.2,7.2,1.8,1.8,10.4,19.2,2.5,4.2,6.6,0.105,-0.4,0.6,0.2,1.7,,greenje02,2010
11,Dirk Nowitzki,31,DAL,PF,81,80,3039,22.9,0.578,0.081,0.392,3.1,20.1,11.7,13.0,1.2,2.0,7.8,28.8,8.4,3.9,12.3,0.194,3.7,0.5,4.2,4.7,MVP-7ASNBA2,nowitdi01,2010
12,Brook Lopez,21,NJN,C,82,82,3027,20.1,0.57,0.002,0.451,9.9,17.5,13.5,11.8,1.0,3.4,13.1,23.6,5.5,2.4,7.9,0.125,1.6,-0.5,1.2,2.5,,lopezbr01,2010
13,David Lee,26,NYK,C,81,81,3019,22.2,0.584,0.006,0.262,8.4,27.6,17.9,17.5,1.4,1.0,11.9,23.8,7.4,2.9,10.3,0.163,2.6,0.0,2.5,3.5,DPOY-17AS,leeda02,2010
14,LeBron James,25,CLE,SF,76,76,2966,31.1,0.604,0.253,0.506,3.0,18.5,11.1,41.8,2.2,2.0,12.3,33.5,13.3,5.2,18.5,0.299,9.1,2.8,11.8,10.3,MVP-1DPOY-4ASNBA1,jamesle01,2010
15,Rajon Rondo,23,BOS,PG,81,81,2963,19.1,0.54,0.088,0.312,4.3,10.5,7.5,43.7,3.3,0.3,19.3,20.2,4.9,4.7,9.6,0.156,2.2,1.4,3.6,4.2,DPOY-5AS,rondora01,2010
16,David West,29,NOH,PF,81,81,2949,18.9,0.56,0.022,0.279,6.4,17.9,12.0,13.7,1.3,1.5,11.2,24.0,5.2,2.3,7.5,0.122,1.2,-0.3,0.8,2.1,,westda01,2010
17,LaMarcus Aldridge,24,POR,PF,78,78,2922,18.2,0.535,0.014,0.26,8.1,18.6,13.3,9.9,1.3,1.3,7.4,22.9,5.5,3.3,8.8,0.145,1.4,-0.2,1.2,2.3,,aldrila01,2010
18,Aaron Brooks,25,HOU,PG,82,82,2919,16.0,0.549,0.394,0.224,2.0,6.6,4.2,25.6,1.2,0.3,13.7,25.7,3.9,1.6,5.5,0.091,2.3,-1.6,0.7,1.9,MIP-1,brookaa01,2010
19,Boris Diaw,27,CHA,PF,82,82,2906,12.8,0.552,0.266,0.19,5.5,11.9,8.8,18.9,1.1,1.6,17.5,16.2,2.4,3.8,6.2,0.103,-0.1,0.9,0.8,2.0,,diawbo01,2010
20,Stephen Curry,21,GSW,PG,80,77,2896,16.3,0.568,0.332,0.175,1.8,12.0,6.8,24.6,2.5,0.5,16.5,21.8,3.0,1.6,4.7,0.077,1.1,-0.5,0.7,2.0,ROY-2,curryst01,2010
21,Joe Johnson,28,ATL,SG,76,76,2886,19.3,0.538,0.253,0.194,3.0,11.4,7.1,22.0,1.5,0.1,8.8,26.3,6.0,2.4,8.4,0.14,3.4,-0.7,2.7,3.4,MVP-12ASNBA3,johnsjo02,2010
22,Jason Kidd,36,DAL,PG,80,80,2881,17.2,0.577,0.617,0.148,1.9,15.6,8.9,36.4,2.6,0.9,21.4,14.5,4.8,4.0,8.9,0.148,2.5,1.7,4.2,4.5,AS,kiddja01,2010
23,Josh Smith,24,ATL,PF,81,81,2871,21.0,0.536,0.007,0.422,9.0,19.8,14.3,19.0,2.4,4.5,14.3,22.2,4.2,5.1,9.3,0.155,2.4,2.7,5.1,5.1,DPOY-2,smithjo03,2010
24,Derrick Rose,21,CHI,PG,78,78,2871,18.6,0.532,0.044,0.246,2.6,8.7,5.7,30.3,1.0,0.7,12.5,27.2,3.5,2.5,6.0,0.1,2.6,-0.9,1.7,2.7,AS,rosede01,2010
25,Al Horford,23,ATL,C,81,81,2845,19.4,0.594,0.001,0.319,9.6,23.3,16.4,10.4,1.1,2.4,11.2,17.6,6.9,3.9,10.9,0.183,1.8,0.5,2.3,3.1,AS,horfoal01,2010
26,Dwight Howard,24,ORL,C,82,82,2843,24.0,0.63,0.008,0.978,12.0,31.3,22.0,8.7,1.4,6.0,18.7,23.9,6.1,7.1,13.2,0.223,1.6,2.8,4.4,4.6,MVP-4DPOY-1ASNBA1,howardw01,2010
27,Amar'e Stoudemire,27,PHO,PF,82,82,2838,22.6,0.615,0.005,0.5,9.7,18.9,14.5,4.8,0.9,2.1,12.1,27.3,8.2,2.5,10.7,0.181,2.1,-1.1,1.0,2.2,MVP-10ASNBA2,stoudam01,2010
28,Kobe Bryant,31,LAL,SG,73,73,2835,21.9,0.545,0.192,0.345,3.1,12.2,7.7,23.8,2.1,0.5,11.4,32.3,5.4,4.0,9.4,0.16,3.9,0.2,4.1,4.4,MVP-3DPOY-12ASNBA1,bryanko01,2010
29,John Salmons,30,2TM,SG,81,56,2824,14.7,0.553,0.312,0.308,1.4,9.4,5.4,12.9,1.8,0.7,9.9,19.9,3.7,3.4,7.1,0.121,0.4,1.2,1.6,2.5,,salmojo01,2010
30,John Salmons,30,CHI,SG,51,28,1695,12.7,0.53,0.35,0.268,1.2,10.1,5.7,11.6,2.0,1.0,10.3,18.1,1.2,2.0,3.2,0.092,-0.9,1.3,0.5,1.1,,salmojo01,2010
31,John Salmons,30,MIL,SG,30,28,1129,17.6,0.581,0.264,0.357,1.6,8.3,4.8,15.0,1.6,0.3,9.4,22.7,2.5,1.4,3.9,0.165,2.2,0.9,3.2,1.4,,salmojo01,2010
32,Ray Allen,34,BOS,SG,80,80,2819,15.2,0.601,0.41,0.26,2.0,8.8,5.5,12.3,1.2,0.7,10.6,20.2,5.1,2.9,7.9,0.135,1.5,-0.3,1.2,2.3,,allenra02,2010
33,Russell Westbrook,21,OKC,PG,82,82,2813,17.8,0.491,0.09,0.364,6.0,10.3,8.2,38.6,2.0,0.9,16.6,25.7,2.7,3.4,6.1,0.105,1.7,-0.5,1.2,2.3,,westbru01,2010
34,Deron Williams,25,UTA,PG,76,76,2802,20.6,0.574,0.246,0.397,2.2,10.4,6.4,44.5,1.8,0.5,16.9,23.8,7.4,3.0,10.3,0.177,4.2,-0.4,3.8,4.1,MVP-9ASNBA2,willide01,2010
35,Andrea Bargnani,24,TOR,PF,80,80,2799,15.5,0.552,0.284,0.205,4.6,15.9,10.4,5.4,0.5,3.0,8.8,22.3,3.3,0.9,4.2,0.072,0.9,-1.7,-0.8,0.9,,bargnan01,2010
36,Dwyane Wade,28,MIA,SG,77,77,2792,28.0,0.562,0.161,0.465,4.5,11.1,7.8,36.4,2.7,2.4,12.2,34.9,8.5,4.6,13.0,0.224,7.1,2.1,9.2,7.9,MVP-5DPOY-10ASNBA1,wadedw01,2010
37,Caron Butler,29,2TM,SG,74,74,2783,13.7,0.507,0.138,0.3,4.3,14.9,9.5,9.2,2.2,0.7,11.9,22.1,0.6,2.9,3.5,0.061,-1.3,0.0,-1.3,0.5,,butleca01,2010
38,Caron Butler,29,WAS,SF,47,47,1853,13.5,0.506,0.137,0.304,4.2,15.6,9.8,9.6,1.9,0.6,12.6,22.0,0.4,1.7,2.1,0.054,-1.1,-0.2,-1.3,0.3,,butleca01,2010
39,Caron Butler,29,DAL,SG,27,27,930,14.2,0.509,0.14,0.291,4.5,13.3,8.9,8.5,2.7,0.7,10.5,22.3,0.2,1.2,1.4,0.075,-1.6,0.3,-1.3,0.2,,butleca01,2010
40,Nenê,27,DEN,C,82,82,2755,18.9,0.631,0.003,0.58,7.0,19.1,13.1,11.6,2.1,2.2,12.2,16.5,7.1,3.7,10.8,0.188,1.6,1.6,3.2,3.6,,hilarne01,2010
41,Danilo Gallinari,21,NYK,SF,81,74,2747,14.8,0.575,0.526,0.331,2.6,14.0,8.2,7.6,1.4,1.6,9.4,19.3,4.1,1.5,5.6,0.098,1.2,-0.7,0.5,1.7,,gallida01,2010
42,Rasual Butler,30,LAC,SF,82,64,2702,10.7,0.524,0.497,0.167,1.7,8.7,5.1,6.8,0.7,1.9,7.8,17.0,1.8,0.9,2.7,0.048,-0.8,-1.1,-1.9,0.1,,butlera01,2010
43,Tyreke Evans,20,SAC,SG,72,72,2677,18.2,0.529,0.121,0.399,2.8,13.6,8.1,26.1,2.1,0.7,13.6,26.2,3.3,2.1,5.4,0.097,1.3,0.0,1.3,2.2,ROY-1,evansty01,2010
44,Carlos Boozer,28,UTA,PF,78,78,2673,21.3,0.599,0.0,0.35,8.2,29.9,19.4,15.8,1.6,1.1,14.3,24.8,5.3,4.6,9.9,0.178,2.4,1.1,3.4,3.7,,boozeca01,2010
45,Brandon Jennings,20,MIL,PG,82,82,2671,14.5,0.475,0.319,0.225,2.0,10.4,6.0,29.6,2.1,0.5,13.0,26.1,0.3,3.9,4.2,0.075,0.5,0.2,0.7,1.8,ROY-3,jennibr01,2010
46,Luis Scola,29,HOU,PF,82,82,2671,17.2,0.55,0.005,0.245,7.2,23.6,15.1,11.1,1.2,0.7,11.9,22.7,3.4,3.0,6.3,0.114,0.0,-0.3,-0.3,1.1,,scolalu01,2010
47,Steve Nash,35,PHO,PG,81,81,2660,21.6,0.615,0.295,0.228,1.5,9.4,5.7,50.9,0.8,0.3,21.4,22.9,9.1,0.8,9.9,0.178,6.1,-1.8,4.3,4.2,MVP-8ASNBA2,nashst01,2010
48,Luol Deng,24,CHI,SF,70,69,2651,16.1,0.531,0.082,0.325,5.6,15.8,10.7,9.1,1.3,1.8,10.4,21.9,2.5,3.4,5.9,0.106,0.7,0.3,1.0,2.0,,denglu01,2010
49,Monta Ellis,24,GSW,SG,64,64,2647,16.7,0.517,0.162,0.276,1.9,9.0,5.4,21.2,2.6,0.7,13.4,29.5,0.0,1.3,1.3,0.023,0.1,-1.5,-1.4,0.4,,ellismo01,2010
50,Raymond Felton,25,CHA,PG,80,80,2643,15.2,0.525,0.184,0.204,2.5,10.5,6.6,29.5,2.5,0.7,15.4,19.2,2.5,4.0,6.5,0.118,0.1,1.5,1.6,2.3,,feltora01,2010
51,Carmelo Anthony,25,DEN,SF,69,69,2634,22.2,0.548,0.125,0.407,6.7,13.1,9.9,15.9,1.7,0.9,10.6,33.4,5.6,2.4,7.9,0.145,3.5,-1.2,2.3,2.9,MVP-6ASNBA2,anthoca01,2010
52,Trevor Ariza,24,HOU,SF,72,71,2629,13.3,0.488,0.407,0.228,3.3,14.7,8.8,16.7,2.4,1.1,12.8,21.2,0.1,3.1,3.2,0.058,-0.4,0.9,0.5,1.7,,arizatr01,2010
53,Chris Kaman,27,LAC,C,76,76,2608,16.5,0.527,0.005,0.255,8.1,23.2,15.6,8.6,0.7,2.7,14.3,27.1,0.0,2.4,2.4,0.044,-1.4,-1.1,-2.5,-0.3,AS,kamanch01,2010
54,Metta World Peace,30,LAL,SF,77,77,2605,12.1,0.514,0.4,0.251,4.3,9.9,7.1,13.3,2.1,0.6,12.8,16.2,1.8,3.5,5.3,0.098,-0.6,1.1,0.5,1.6,DPOY-6,artesro01,2010
55,Lamar Odom,30,LAL,PF,82,38,2585,15.9,0.533,0.246,0.273,8.0,26.5,17.3,15.6,1.5,1.7,15.3,17.0,2.8,4.9,7.7,0.143,0.7,1.8,2.5,2.9,6MOY-6,odomla01,2010
56,Mike Conley,22,MEM,PG,80,80,2569,13.9,0.526,0.255,0.225,1.4,7.3,4.3,24.8,2.2,0.4,15.7,18.4,2.6,1.3,4.0,0.074,0.0,-0.6,-0.6,0.9,,conlemi01,2010
57,Jason Terry,32,DAL,SG,77,12,2540,16.5,0.552,0.358,0.257,0.9,5.4,3.2,18.8,1.9,0.5,8.6,23.0,4.4,2.1,6.5,0.123,1.6,-0.1,1.5,2.2,6MOY-2,terryja01,2010
58,Chris Bosh,25,TOR,C,70,70,2526,25.0,0.592,0.019,0.509,9.9,25.2,17.7,11.5,0.9,2.1,10.7,28.7,7.9,1.7,9.6,0.182,4.8,-1.2,3.6,3.6,MVP-12AS,boshch01,2010
59,Baron Davis,30,LAC,PG,75,73,2523,17.4,0.501,0.292,0.287,2.4,9.9,6.1,39.6,2.6,1.3,15.6,24.3,2.5,2.1,4.5,0.086,1.5,0.0,1.5,2.2,,davisba01,2010
60,Richard Jefferson,29,SAS,SF,81,70,2520,13.1,0.551,0.241,0.37,2.7,13.6,8.3,9.6,0.9,1.1,10.4,18.3,3.0,3.0,6.0,0.113,-0.5,0.3,-0.2,1.2,,jefferi01,2010
61,Andre Miller,33,POR,PG,82,66,2500,18.1,0.53,0.088,0.432,4.0,9.2,6.6,30.3,2.0,0.3,13.8,23.8,4.6,2.4,7.0,0.134,1.8,0.0,1.8,2.4,,millean02,2010
62,Rodney Stuckey,23,DET,PG,73,67,2499,15.6,0.479,0.071,0.324,3.1,11.1,6.8,24.7,2.2,0.4,11.4,26.4,1.4,1.3,2.7,0.052,0.0,-0.4,-0.4,1.0,,stuckro01,2010
63,Brandon Rush,24,IND,SG,82,64,2491,9.6,0.522,0.43,0.127,1.8,13.5,7.6,6.9,1.1,1.9,11.1,14.8,0.0,2.5,2.5,0.047,-1.5,0.1,-1.3,0.4,,rushbr01,2010
64,Chauncey Billups,33,DEN,PG,73,73,2490,20.2,0.601,0.423,0.532,1.2,9.3,5.3,26.1,1.7,0.3,13.0,24.3,7.7,1.7,9.5,0.182,4.5,-0.8,3.7,3.6,MVP-12AS,billuch01,2010
65,Jason Richardson,29,PHO,SG,79,76,2485,16.6,0.574,0.401,0.184,3.9,13.9,9.2,8.8,1.3,0.9,7.9,20.8,5.0,1.7,6.6,0.128,2.2,-0.5,1.7,2.3,,richaja01,2010
66,Corey Brewer,23,MIN,SG,82,82,2482,12.1,0.502,0.25,0.27,3.1,9.6,6.3,12.5,2.4,0.9,13.4,21.5,-0.4,1.4,1.0,0.02,-2.1,-0.1,-2.2,-0.1,,breweco01,2010
67,Kirk Hinrich,29,CHI,SG,74,53,2481,11.6,0.501,0.372,0.15,1.1,10.4,5.8,20.5,1.8,0.7,12.3,16.6,1.2,2.8,4.0,0.077,-1.6,1.0,-0.5,0.9,,hinriki01,2010
68,Beno Udrih,27,SAC,PG,79,41,2477,15.7,0.566,0.237,0.168,1.7,8.5,5.1,24.1,1.8,0.3,13.1,18.6,4.2,1.3,5.5,0.107,0.7,-0.2,0.4,1.5,,udrihbe01,2010
69,Marc Gasol,25,MEM,C,69,69,2469,19.3,0.617,0.002,0.578,9.8,20.5,15.1,10.2,1.4,3.4,14.2,16.9,5.9,2.5,8.4,0.164,1.8,1.1,2.8,3.0,,gasolma01,2010
70,Carl Landry,26,2TM,PF,80,29,2469,19.0,0.6,0.003,0.459,8.5,13.4,10.9,4.6,1.1,1.9,10.8,22.5,5.8,1.9,7.7,0.15,1.2,-0.4,0.8,1.7,6MOY-8,landrca01,2010
71,Carl Landry,26,HOU,PF,52,1,1415,21.1,0.621,0.0,0.507,9.5,13.8,11.6,5.0,1.0,2.4,11.3,23.8,4.1,1.3,5.4,0.184,2.0,-0.1,1.9,1.4,,landrca01,2010
72,Carl Landry,26,SAC,PF,28,28,1054,16.0,0.568,0.008,0.388,7.1,12.8,9.9,4.1,1.3,1.2,10.1,20.7,1.6,0.6,2.3,0.105,0.1,-0.8,-0.8,0.3,,landrca01,2010
73,Marvin Williams,23,ATL,SF,81,81,2468,13.0,0.54,0.199,0.324,5.0,14.8,9.8,5.6,1.4,1.4,8.7,15.5,3.1,2.6,5.7,0.112,-0.4,0.1,-0.4,1.0,,willima02,2010
74,Al Jefferson,25,MIN,C,76,76,2463,19.0,0.524,0.004,0.236,8.0,24.2,16.0,10.0,1.3,3.0,9.9,24.3,2.3,2.3,4.6,0.09,0.7,-0.4,0.4,1.5,,jeffeal01,2010
75,Jamal Crawford,29,ATL,SG,79,0,2460,18.4,0.573,0.386,0.285,1.6,8.0,4.8,16.1,1.3,0.4,9.9,25.8,5.6,1.7,7.3,0.143,3.5,-1.1,2.4,2.7,6MOY-1,crawfja01,2010
76,Tim Duncan,33,SAS,C,78,77,2438,24.7,0.56,0.01,0.346,10.8,26.8,18.9,17.8,1.0,3.5,10.1,26.0,6.4,4.5,10.9,0.215,4.4,1.8,6.1,5.0,DPOY-14ASNBA3,duncati01,2010
77,Grant Hill,37,PHO,SF,81,81,2430,14.0,0.561,0.114,0.357,3.6,16.3,10.3,11.2,1.2,1.0,11.7,16.8,3.7,1.8,5.5,0.109,0.3,0.3,0.6,1.6,,hillgr01,2010
78,Brandon Roy,25,POR,SG,65,65,2419,21.3,0.568,0.213,0.424,3.7,10.9,7.3,23.1,1.4,0.5,9.5,26.7,7.0,2.1,9.1,0.18,4.7,0.0,4.7,4.1,ASNBA3,roybr01,2010
79,Paul Pierce,32,BOS,SF,71,71,2411,18.2,0.613,0.303,0.499,2.0,13.4,7.9,15.1,1.8,1.0,13.6,23.8,5.0,3.3,8.3,0.165,2.3,0.7,3.0,3.0,AS,piercpa01,2010
80,Antawn Jamison,33,2TM,PF,66,64,2406,17.3,0.529,0.238,0.29,6.6,20.1,13.4,6.1,1.5,0.7,7.2,23.9,3.0,2.8,5.8,0.115,1.1,-0.9,0.2,1.3,,jamisan01,2010
81,Antawn Jamison,33,WAS,PF,41,41,1595,17.5,0.528,0.24,0.31,7.0,19.3,13.1,5.8,1.4,0.4,7.1,24.3,2.3,1.4,3.7,0.112,1.7,-1.4,0.3,0.9,,jamisan01,2010
82,Antawn Jamison,33,CLE,PF,25,23,811,16.7,0.53,0.235,0.247,5.7,21.8,14.2,6.8,1.8,1.1,7.5,23.1,0.7,1.4,2.1,0.122,0.0,0.0,0.0,0.4,,jamisan01,2010
83,Pau Gasol,29,LAL,C,65,65,2403,22.9,0.593,0.006,0.429,11.4,22.7,17.1,15.0,0.8,3.5,12.5,21.4,6.8,4.2,11.0,0.22,3.7,1.3,4.9,4.2,ASNBA3,gasolpa01,2010
84,Shawn Marion,31,DAL,SF,75,75,2385,14.7,0.535,0.024,0.179,7.7,15.2,11.5,7.2,1.5,1.9,10.6,18.1,2.1,2.8,5.0,0.1,-0.5,0.1,-0.5,0.9,DPOY-13,mariosh01,2010
85,Courtney Lee,24,NJN,SG,71,66,2375,12.8,0.525,0.29,0.197,2.8,9.7,6.1,9.0,2.1,0.6,8.3,17.7,1.8,1.3,3.1,0.063,-1.0,-0.4,-1.4,0.4,,leeco01,2010
86,Emeka Okafor,27,NOH,C,82,82,2370,16.5,0.547,0.0,0.418,12.2,24.7,18.4,3.5,1.2,4.1,12.5,17.1,2.6,2.8,5.5,0.111,-0.9,-0.3,-1.2,0.4,,okafoem01,2010
87,Rashard Lewis,30,ORL,PF,72,72,2369,14.0,0.573,0.525,0.224,3.1,12.1,7.8,7.4,1.7,0.9,10.9,19.4,3.1,3.4,6.5,0.132,0.9,0.8,1.8,2.3,,lewisra02,2010
88,Mo Williams,27,CLE,PG,69,68,2359,16.1,0.58,0.434,0.232,1.5,8.6,5.2,25.0,1.6,0.7,15.5,22.0,4.0,2.7,6.7,0.136,2.2,-0.4,1.8,2.3,,willima01,2010
89,Jason Thompson,23,SAC,C,75,58,2357,14.5,0.518,0.013,0.353,10.8,20.3,15.5,8.3,0.9,2.3,13.3,19.6,1.9,2.0,4.0,0.081,-1.6,-0.8,-2.4,-0.2,,thompja02,2010
90,Brendan Haywood,30,2TM,C,77,67,2355,16.1,0.588,0.002,0.499,13.5,21.5,17.5,2.8,0.6,5.1,14.2,13.5,3.7,3.0,6.7,0.137,-0.3,0.2,-0.1,1.1,DPOY-17,haywobr01,2010
91,Brendan Haywood,30,WAS,C,49,48,1614,16.2,0.591,0.0,0.472,14.1,22.2,18.1,1.7,0.6,4.8,14.2,13.2,2.6,1.9,4.5,0.133,-0.2,-0.2,-0.4,0.7,,haywobr01,2010
92,Brendan Haywood,30,DAL,C,28,19,741,16.1,0.582,0.006,0.558,12.2,19.9,16.1,5.0,0.6,5.8,14.1,14.0,1.1,1.1,2.2,0.144,-0.4,1.0,0.6,0.5,,haywobr01,2010
93,Thabo Sefolosha,25,OKC,SG,82,82,2348,9.8,0.509,0.297,0.202,3.8,14.8,9.5,8.9,2.1,1.5,15.8,10.9,0.6,3.4,4.0,0.082,-1.9,2.0,0.1,1.3,DPOY-8,sefolth01,2010
94,Troy Murphy,29,IND,PF,72,69,2344,18.0,0.585,0.41,0.237,6.0,28.5,17.2,10.6,1.5,1.0,10.0,18.8,4.1,3.7,7.8,0.159,2.4,0.6,2.9,2.9,,murphtr01,2010
95,Jonny Flynn,20,MIN,PG,81,81,2339,13.0,0.511,0.226,0.284,1.1,8.1,4.6,24.7,1.8,0.1,17.9,24.2,-0.6,0.7,0.1,0.002,-0.8,-2.1,-2.9,-0.5,ROY-5,flynnjo01,2010
96,Michael Beasley,21,MIA,PF,78,78,2328,16.1,0.505,0.098,0.231,6.3,18.8,12.6,7.8,1.8,1.7,10.3,25.8,0.8,3.8,4.6,0.095,-0.9,0.1,-0.8,0.7,,beaslmi01,2010
97,Earl Watson,30,IND,PG,79,52,2322,10.9,0.517,0.351,0.323,2.5,8.8,5.6,25.6,2.2,0.5,22.6,14.7,0.3,2.3,2.6,0.055,-2.6,0.3,-2.3,-0.2,,watsoea01,2010
98,Wilson Chandler,22,NYK,SG,65,64,2320,13.7,0.534,0.174,0.186,4.5,12.7,8.5,9.8,1.0,1.6,10.4,20.2,1.8,0.9,2.7,0.057,-1.0,-1.1,-2.1,0.0,,chandwi01,2010
99,Marcus Camby,35,2TM,PF,74,74,2314,17.9,0.501,0.014,0.244,12.7,31.9,22.2,12.3,2.2,4.8,14.1,12.8,2.5,4.3,6.8,0.142,0.7,2.6,3.3,3.1,DPOY-10,cambyma01,2010
100,Marcus Camby,35,LAC,PF,51,51,1596,18.3,0.497,0.017,0.256,12.0,32.9,22.4,14.4,2.2,4.6,13.9,13.0,1.7,2.8,4.6,0.137,0.8,2.7,3.5,2.2,,cambyma01,2010
101,Marcus Camby,35,POR,C,23,23,718,17.0,0.511,0.007,0.214,14.2,29.9,22.0,7.5,2.0,5.2,14.5,12.3,0.8,1.5,2.3,0.152,0.4,2.5,2.9,0.9,,cambyma01,2010
102,Vince Carter,33,ORL,SG,75,74,2310,17.1,0.541,0.319,0.301,1.7,12.6,7.3,17.8,1.2,0.6,8.4,25.2,4.4,3.0,7.4,0.154,1.6,0.4,2.0,2.3,,cartevi01,2010
103,Elton Brand,30,PHI,PF,76,57,2297,15.7,0.518,0.001,0.272,9.0,14.7,11.8,7.9,1.9,2.7,12.0,21.7,1.6,1.9,3.5,0.073,-1.1,-0.7,-1.8,0.1,,brandel01,2010
104,Anthony Parker,34,CLE,SG,81,81,2289,9.9,0.576,0.549,0.2,1.6,10.0,6.0,9.9,1.4,0.6,12.1,12.0,2.3,2.6,4.9,0.103,-1.0,0.7,-0.3,1.0,,parkean01,2010
105,Carlos Delfino,27,MIL,SF,75,66,2279,12.9,0.526,0.499,0.163,2.4,18.0,9.8,14.0,1.8,0.7,13.2,18.0,1.1,3.7,4.8,0.101,-0.1,1.5,1.5,2.0,,delfica01,2010
106,Danny Granger,26,IND,SF,62,62,2278,19.8,0.564,0.385,0.376,3.2,13.3,8.2,13.6,2.0,1.6,10.6,28.7,3.5,2.7,6.2,0.131,3.1,0.0,3.1,2.9,,grangda01,2010
107,Paul Millsap,24,UTA,PF,82,8,2277,16.7,0.573,0.013,0.369,9.9,18.9,14.5,8.9,1.4,3.5,12.2,18.7,3.7,3.5,7.2,0.151,-0.4,0.8,0.4,1.4,6MOY-7,millspa01,2010
108,George Hill,23,SAS,PG,78,43,2276,14.7,0.572,0.255,0.321,2.2,8.2,5.3,15.5,1.6,0.8,10.7,19.0,4.1,2.6,6.7,0.142,0.0,0.9,0.9,1.7,,hillge01,2010
109,Hedo Türkoğlu,30,TOR,SF,74,69,2272,13.3,0.54,0.429,0.335,2.2,15.2,8.9,19.5,1.2,1.1,13.9,18.1,2.6,0.8,3.4,0.071,0.7,-0.4,0.4,1.4,,turkohe01,2010
110,Andray Blatche,23,WAS,PF,81,36,2256,17.6,0.519,0.044,0.234,7.9,18.2,13.0,13.8,2.0,2.4,14.2,25.8,0.8,2.6,3.4,0.073,0.2,0.4,0.6,1.5,,blatcan01,2010
111,Jarrett Jack,26,TOR,PG,82,43,2243,16.3,0.599,0.297,0.359,1.6,9.8,5.8,27.7,1.4,0.2,17.3,19.1,4.5,0.2,4.8,0.102,2.0,-1.6,0.4,1.4,,jackja01,2010
112,Jonas Jerebko,22,DET,PF,80,73,2232,13.9,0.545,0.191,0.292,9.9,16.5,13.0,4.2,1.9,1.1,10.8,15.7,2.9,1.5,4.4,0.095,-0.7,-0.6,-1.3,0.4,,jerebjo01,2010
113,Andrew Bogut,25,MIL,C,69,69,2229,20.7,0.54,0.002,0.26,10.1,26.4,17.9,10.3,0.9,6.2,11.4,23.3,2.6,4.8,7.5,0.161,0.8,2.2,3.1,2.8,DPOY-7NBA3,bogutan01,2010
114,Eric Gordon,21,LAC,SG,62,60,2229,14.1,0.571,0.409,0.381,1.3,7.1,4.2,13.8,1.6,0.5,13.6,21.5,2.3,0.9,3.2,0.069,0.1,-1.0,-0.9,0.6,,gordoer01,2010
115,Derek Fisher,35,LAL,PG,82,82,2227,9.3,0.499,0.401,0.237,1.3,7.2,4.3,12.9,2.1,0.3,11.2,14.0,1.2,2.7,3.9,0.085,-2.9,1.3,-1.7,0.2,,fishede01,2010
116,Arron Afflalo,24,DEN,SG,82,75,2221,10.9,0.576,0.426,0.168,3.1,9.9,6.5,9.3,1.0,1.0,10.5,14.0,2.8,1.4,4.3,0.092,-0.2,-0.2,-0.4,0.9,DPOY-17,afflaar01,2010
117,Devin Harris,26,NJN,PG,64,61,2221,16.2,0.512,0.245,0.437,1.2,9.7,5.3,34.6,1.9,0.6,14.7,25.5,1.5,1.2,2.7,0.057,0.7,-1.5,-0.8,0.7,,harride01,2010
118,Ryan Gomes,27,MIN,SF,76,64,2210,12.1,0.528,0.272,0.172,3.8,14.0,8.8,8.8,1.4,0.5,10.8,17.4,1.5,0.9,2.4,0.052,-1.0,-0.8,-1.8,0.1,,gomesry01,2010
119,Taj Gibson,24,CHI,PF,82,70,2204,13.8,0.521,0.0,0.278,11.6,19.2,15.4,5.0,1.2,3.6,13.9,16.7,1.2,3.5,4.7,0.103,-2.4,0.5,-2.0,0.0,ROY-5,gibsota01,2010
120,Mike Bibby,31,ATL,PG,80,80,2195,12.7,0.538,0.503,0.123,1.1,8.8,4.9,20.8,1.6,0.1,11.7,16.1,3.0,1.7,4.8,0.104,0.1,-0.2,-0.2,1.0,,bibbymi01,2010
121,Al Harrington,29,NYK,PF,72,15,2195,16.8,0.546,0.397,0.308,4.5,16.7,10.5,8.6,1.4,0.9,10.1,26.8,2.2,1.3,3.5,0.077,0.8,-1.6,-0.8,0.6,6MOY-11,harrial01,2010
122,Channing Frye,26,PHO,C,81,41,2190,15.0,0.598,0.558,0.172,3.6,17.6,11.0,7.4,1.5,2.4,8.8,16.7,4.3,2.2,6.4,0.141,1.8,0.9,2.7,2.6,,fryech01,2010
123,Udonis Haslem,29,MIA,PF,78,0,2177,14.6,0.538,0.0,0.305,9.1,24.8,17.0,3.9,0.7,0.9,9.5,17.1,2.8,3.2,6.0,0.132,-0.8,-0.8,-1.7,0.2,6MOY-9,hasleud01,2010
124,Shane Battier,31,HOU,SG,67,62,2168,11.1,0.541,0.624,0.237,3.8,13.1,8.2,10.9,1.2,2.6,11.5,11.4,2.2,2.1,4.3,0.095,0.1,1.4,1.5,1.9,DPOY-15,battish01,2010
125,Anderson Varejão,27,CLE,PF,76,7,2166,15.8,0.598,0.011,0.375,10.9,20.4,15.9,6.1,1.7,2.4,11.0,13.1,4.3,3.8,8.1,0.179,0.1,1.2,1.3,1.8,DPOY-96MOY-3,varejan01,2010
126,Steve Blake,29,2TM,PG,80,38,2159,11.6,0.539,0.563,0.092,1.2,9.4,5.2,26.9,1.4,0.2,19.1,14.5,1.9,1.4,3.3,0.074,-0.1,-0.4,-0.5,0.8,,blakest01,2010
127,Steve Blake,29,POR,PG,51,28,1397,11.2,0.526,0.583,0.09,1.3,9.2,5.2,22.5,1.4,0.1,15.0,14.8,1.3,1.1,2.4,0.082,0.1,0.1,0.2,0.8,,blakest01,2010
128,Steve Blake,29,LAC,PG,29,10,762,12.3,0.569,0.521,0.096,0.9,9.6,5.2,34.9,1.4,0.4,26.6,14.1,0.6,0.3,0.9,0.058,-0.5,-1.3,-1.8,0.0,,blakest01,2010
129,Kendrick Perkins,25,BOS,C,78,78,2154,15.0,0.613,0.006,0.536,9.1,24.4,16.9,6.0,0.6,4.8,20.4,17.6,1.4,3.8,5.2,0.117,-1.7,1.0,-0.7,0.7,DPOY-17,perkike01,2010
130,Manu Ginóbili,32,SAS,SG,75,21,2150,22.5,0.584,0.388,0.393,3.8,11.6,7.7,28.2,2.5,0.8,12.7,25.8,6.5,3.2,9.7,0.216,5.1,1.6,6.7,4.7,MVP-116MOY-4,ginobma01,2010
131,Mehmet Okur,30,UTA,C,73,73,2149,15.6,0.561,0.275,0.308,7.5,20.6,14.2,8.5,0.9,3.0,12.6,21.0,2.6,3.0,5.6,0.126,0.4,0.1,0.5,1.4,,okurme01,2010
132,Thaddeus Young,21,PHI,PF,67,45,2145,14.0,0.523,0.17,0.203,7.0,12.3,9.6,7.5,2.0,0.6,12.5,21.5,0.9,1.2,2.1,0.047,-0.4,-1.5,-1.9,0.1,,youngth01,2010
133,Samuel Dalembert,28,PHI,C,82,80,2124,16.8,0.573,0.0,0.254,13.1,30.7,21.8,4.7,1.0,5.6,17.5,15.1,2.3,3.0,5.2,0.118,-1.2,0.3,-0.9,0.6,,dalemsa01,2010
134,Darren Collison,22,NOH,PG,76,37,2109,16.5,0.546,0.146,0.221,2.2,8.6,5.3,32.9,1.9,0.1,18.9,23.1,1.9,1.1,2.9,0.067,0.9,-1.8,-0.8,0.6,ROY-4,collida01,2010
135,Matt Barnes,29,ORL,SF,81,58,2097,13.6,0.576,0.372,0.262,6.1,18.0,12.3,10.1,1.5,1.1,15.3,16.2,2.5,3.4,5.9,0.135,-0.1,1.3,1.3,1.7,DPOY-17,barnema02,2010
136,Quentin Richardson,29,MIA,SF,76,75,2082,12.9,0.572,0.638,0.127,3.6,17.4,10.6,7.0,1.8,0.7,9.5,14.8,2.7,3.1,5.8,0.133,0.4,0.8,1.3,1.7,,richaqu01,2010
137,J.R. Smith,24,DEN,SG,75,0,2082,15.0,0.515,0.452,0.195,1.6,11.3,6.5,15.0,2.4,0.7,11.0,26.9,0.6,2.1,2.7,0.062,0.5,-0.4,0.1,1.1,6MOY-5,smithjr01,2010
138,Corey Maggette,30,GSW,PF,70,49,2081,20.3,0.615,0.056,0.622,4.9,15.2,10.0,13.2,1.2,0.1,13.0,26.7,5.6,0.7,6.3,0.144,2.1,-1.8,0.3,1.2,,maggeco01,2010
139,Al Thornton,26,2TM,SF,75,46,2079,11.8,0.523,0.046,0.312,6.4,10.0,8.2,7.1,1.1,1.3,11.7,19.0,1.2,1.0,2.2,0.05,-2.1,-1.0,-3.1,-0.6,,thornal01,2010
140,Al Thornton,26,LAC,SF,51,30,1405,11.6,0.526,0.03,0.302,7.0,8.9,7.9,7.2,0.9,1.2,11.2,18.9,1.0,0.5,1.5,0.05,-2.2,-1.4,-3.7,-0.6,,thornal01,2010
141,Al Thornton,26,WAS,SF,24,16,674,12.1,0.517,0.079,0.333,5.2,12.3,8.7,7.1,1.6,1.5,12.7,19.1,0.2,0.5,0.7,0.051,-2.0,-0.1,-2.1,0.0,,thornal01,2010
142,Chris Duhon,27,NYK,PG,67,59,2072,10.7,0.501,0.572,0.211,1.5,8.4,4.9,25.9,1.5,0.1,18.2,13.1,1.5,0.5,1.9,0.045,-1.2,-1.3,-2.5,-0.3,,duhonch01,2010
143,Kevin Garnett,33,BOS,PF,69,69,2060,19.4,0.569,0.006,0.286,4.8,24.8,15.1,15.7,1.7,2.2,10.4,22.1,3.6,3.8,7.3,0.171,1.5,1.9,3.5,2.9,AS,garneke01,2010
144,Roy Hibbert,23,IND,C,81,69,2035,16.2,0.537,0.008,0.286,9.4,15.5,12.4,13.5,0.7,4.6,14.1,22.2,1.6,2.5,4.1,0.098,-1.5,0.6,-0.9,0.6,,hibbero01,2010
145,Wesley Matthews,23,UTA,SG,82,48,2025,12.3,0.592,0.292,0.342,3.0,8.0,5.6,9.0,1.6,0.6,12.5,16.5,2.6,1.9,4.6,0.108,-0.6,0.0,-0.5,0.8,,matthwe02,2010
146,Anthony Morrow,24,GSW,SG,69,37,2018,14.0,0.597,0.437,0.162,3.3,11.1,7.1,7.6,1.5,0.6,10.0,17.8,3.0,0.6,3.5,0.084,1.2,-1.5,-0.4,0.8,,morroan01,2010
147,Martell Webster,23,POR,SF,82,49,2005,12.5,0.543,0.52,0.243,2.9,13.7,8.3,5.0,1.2,1.6,7.8,18.2,2.4,2.0,4.4,0.105,0.3,-0.3,0.0,1.0,,webstma02,2010
148,Jared Dudley,24,PHO,SF,82,1,1991,13.6,0.612,0.535,0.282,5.9,9.8,8.0,7.9,2.0,0.6,11.0,13.7,4.0,1.3,5.3,0.129,1.4,0.7,2.1,2.1,6MOY-11,dudleja01,2010
149,Jermaine O'Neal,31,MIA,C,70,70,1991,17.9,0.563,0.003,0.302,7.4,21.2,14.3,8.4,0.7,3.9,12.9,22.9,2.4,3.2,5.6,0.135,-0.5,0.4,-0.1,1.0,,onealje01,2010
150,Kenyon Martin,32,DEN,PF,58,58,1986,13.4,0.481,0.047,0.269,8.3,23.3,15.8,8.5,1.8,2.3,11.6,17.5,0.4,2.8,3.3,0.079,-1.4,0.5,-0.8,0.6,DPOY-17,martike01,2010
151,Andrew Bynum,22,LAL,C,65,65,1977,20.2,0.608,0.001,0.379,10.1,20.4,15.3,5.8,0.9,3.6,12.5,20.8,4.4,3.4,7.8,0.188,1.1,0.4,1.5,1.8,,bynuman01,2010
152,Ben Wallace,35,DET,C,69,67,1975,15.8,0.526,0.007,0.548,14.1,23.1,18.3,8.0,2.4,3.6,15.0,10.0,2.4,2.3,4.7,0.115,0.7,1.2,1.9,1.9,DPOY-17,wallabe01,2010
153,Brad Miller,33,CHI,C,82,37,1950,12.9,0.53,0.227,0.379,4.8,17.8,11.4,12.2,1.2,1.1,13.6,18.1,1.5,2.5,4.0,0.098,-1.4,0.5,-0.8,0.6,,millebr01,2010
154,Peja Stojaković,32,NOH,SF,62,55,1947,12.4,0.533,0.512,0.156,2.3,11.5,6.8,7.2,1.3,0.2,7.1,18.6,1.9,0.9,2.7,0.067,0.2,-1.1,-0.9,0.5,,stojape01,2010
155,Omri Casspi,21,SAC,SF,77,31,1931,13.0,0.529,0.302,0.259,4.4,16.5,10.4,7.7,1.4,0.6,11.6,19.4,1.1,1.4,2.5,0.063,-0.3,-0.8,-1.1,0.4,,casspom01,2010
156,Joakim Noah,24,CHI,C,64,54,1925,17.9,0.557,0.0,0.421,12.9,27.6,20.3,10.8,0.9,4.0,16.0,17.1,2.7,3.5,6.2,0.154,0.1,1.5,1.6,1.7,,noahjo01,2010
157,Lou Williams,23,PHI,PG,64,38,1912,18.2,0.576,0.304,0.344,1.5,10.1,5.8,22.9,2.2,0.6,12.0,21.1,4.1,1.1,5.2,0.13,1.9,-0.4,1.6,1.7,,willilo02,2010
158,Spencer Hawes,21,SAC,C,72,59,1904,13.8,0.507,0.131,0.159,8.6,17.7,13.1,13.2,0.9,3.2,15.5,19.6,0.5,1.6,2.1,0.054,-1.2,0.1,-1.2,0.4,,hawessp01,2010
159,Ersan İlyasova,22,MIL,PF,81,31,1898,15.7,0.526,0.331,0.217,9.0,22.6,15.5,7.5,1.5,1.0,8.2,20.8,2.5,3.3,5.8,0.146,0.1,0.3,0.4,1.1,,ilyaser01,2010
160,Dahntay Jones,29,IND,SF,76,26,1892,10.8,0.527,0.051,0.413,2.7,10.5,6.6,12.9,1.0,1.5,14.9,20.1,0.1,1.6,1.8,0.045,-3.3,-0.4,-3.6,-0.8,,jonesda02,2010
161,Marcus Thornton,22,NOH,SG,73,17,1872,17.4,0.55,0.354,0.2,4.4,8.9,6.6,10.3,1.6,0.4,7.3,25.3,3.1,0.9,4.0,0.103,2.3,-1.4,0.9,1.4,6MOY-10,thornma01,2010
162,Luc Mbah a Moute,23,MIL,PF,73,62,1866,11.8,0.53,0.046,0.36,9.9,14.6,12.2,6.5,1.7,1.6,14.1,12.1,1.8,3.0,4.7,0.122,-1.8,1.5,-0.3,0.8,DPOY-17,mbahalu01,2010
163,Jameer Nelson,27,ORL,PG,65,64,1860,15.5,0.54,0.32,0.164,1.7,10.1,6.0,32.1,1.3,0.1,15.5,22.3,2.8,2.2,5.0,0.13,1.0,-0.3,0.7,1.3,,nelsoja01,2010
164,Charlie Villanueva,25,DET,PF,78,16,1848,16.0,0.526,0.341,0.157,5.2,19.6,12.0,5.2,1.4,2.5,7.7,23.9,2.1,1.4,3.5,0.092,0.8,-0.8,0.0,0.9,,villach01,2010
165,José Calderón,28,TOR,PG,68,39,1817,16.5,0.569,0.301,0.183,1.5,7.5,4.6,33.8,1.3,0.3,13.9,17.9,4.2,0.0,4.2,0.111,2.5,-1.9,0.6,1.2,,caldejo01,2010
166,JJ Redick,25,ORL,SG,82,9,1808,15.0,0.606,0.495,0.401,1.1,8.5,5.0,13.9,0.8,0.2,8.8,18.3,4.7,1.8,6.5,0.173,1.8,0.1,1.8,1.8,,redicjj01,2010
167,Mario Chalmers,23,MIA,PG,73,22,1807,10.7,0.519,0.52,0.242,1.6,7.1,4.4,21.0,2.7,0.5,19.7,16.3,0.3,2.4,2.7,0.072,-2.3,1.1,-1.3,0.3,,chalmma01,2010
168,Mike Miller,29,WAS,SG,54,50,1805,13.9,0.623,0.395,0.196,3.5,18.2,10.7,18.4,1.1,0.5,19.6,14.7,2.5,1.4,3.9,0.104,0.9,0.4,1.3,1.5,,millemi01,2010
169,Jared Jeffries,28,2TM,SF,70,37,1794,9.8,0.507,0.226,0.382,8.1,10.3,9.1,8.0,1.8,2.9,17.2,11.1,0.9,1.3,2.2,0.058,-2.7,0.8,-1.9,0.0,,jeffrja01,2010
170,Jared Jeffries,28,NYK,PF,52,37,1462,9.7,0.524,0.27,0.404,7.6,9.8,8.7,7.9,1.9,3.0,18.6,10.3,0.8,1.0,1.7,0.057,-2.5,1.0,-1.5,0.2,,jeffrja01,2010
171,Jared Jeffries,28,HOU,SF,18,0,332,10.1,0.459,0.107,0.321,10.3,12.2,11.2,8.1,1.4,2.9,12.7,14.6,0.1,0.3,0.4,0.058,-3.7,-0.1,-3.7,-0.1,,jeffrja01,2010
172,C.J. Watson,25,GSW,PG,65,15,1788,13.8,0.555,0.275,0.314,1.7,8.9,5.3,14.3,2.8,0.3,10.3,16.0,2.2,0.9,3.1,0.082,-0.8,0.3,-0.4,0.7,,watsocj01,2010
173,Rasheed Wallace,35,BOS,C,79,13,1780,13.1,0.504,0.446,0.192,3.0,19.0,11.2,7.3,2.4,3.1,8.2,20.2,0.2,3.4,3.6,0.096,-1.6,1.6,0.0,0.9,,wallara01,2010
174,Chuck Hayes,26,HOU,C,82,82,1773,11.7,0.5,0.0,0.201,9.4,21.1,15.0,11.4,2.1,1.8,17.1,10.8,1.2,2.4,3.6,0.098,-2.2,2.0,-0.2,0.8,,hayesch01,2010
175,Jrue Holiday,19,PHI,PG,73,51,1767,12.3,0.526,0.306,0.165,3.7,9.1,6.4,24.4,2.3,0.8,21.9,18.4,0.2,1.0,1.2,0.032,-1.1,-0.6,-1.7,0.1,,holidjr01,2010
176,Terrence Williams,22,NJN,SF,78,9,1764,11.5,0.459,0.154,0.221,2.9,20.6,11.4,22.4,1.3,0.4,14.8,21.8,-1.5,1.3,-0.3,-0.007,-2.0,-0.8,-2.8,-0.4,,willite01,2010
177,Luke Ridnour,28,MIL,PG,82,0,1759,17.7,0.57,0.264,0.204,1.5,8.1,4.6,31.9,1.6,0.3,12.4,22.0,4.0,2.2,6.2,0.168,1.7,0.5,2.2,1.8,,ridnolu01,2010
178,Drew Gooden,28,2TM,C,70,33,1755,16.9,0.547,0.013,0.359,13.7,21.9,17.8,4.4,1.2,2.5,13.4,21.0,2.3,2.2,4.4,0.121,-1.2,-1.0,-2.1,-0.1,,goodedr01,2010
179,Drew Gooden,28,DAL,C,46,11,1030,16.1,0.528,0.018,0.342,13.9,21.2,17.6,4.0,1.3,3.6,12.7,19.8,1.1,1.6,2.7,0.125,-1.8,-0.4,-2.3,-0.1,,goodedr01,2010
180,Drew Gooden,28,LAC,PF,24,22,725,18.0,0.572,0.008,0.38,13.4,22.8,18.1,5.0,1.1,0.8,14.3,22.6,1.1,0.6,1.7,0.114,-0.2,-1.7,-1.9,0.0,,goodedr01,2010
181,Ronnie Brewer,24,2TM,SG,58,53,1742,12.5,0.524,0.072,0.31,3.1,9.4,6.4,12.7,2.7,0.7,9.8,13.9,1.6,2.2,3.7,0.103,-0.8,2.0,1.1,1.4,,brewero02,2010
182,Ronnie Brewer,24,UTA,SG,53,53,1662,12.8,0.53,0.075,0.308,3.2,9.4,6.4,13.1,2.6,0.7,9.7,14.1,1.7,2.1,3.8,0.108,-0.6,1.9,1.3,1.4,,brewero02,2010
183,Ronnie Brewer,24,MEM,SG,5,0,80,5.9,0.329,0.0,0.385,1.5,8.8,5.1,4.9,3.8,0.0,11.6,9.4,-0.1,0.1,0.0,-0.01,-5.1,2.5,-2.6,0.0,,brewero02,2010
184,Nenad Krstić,26,OKC,C,76,76,1741,13.7,0.527,0.009,0.189,9.1,16.0,12.6,4.9,0.9,1.9,8.7,17.1,2.0,2.2,4.2,0.116,-1.5,-0.2,-1.8,0.1,,krstine01,2010
185,James Harden,20,OKC,SG,76,0,1738,14.0,0.551,0.429,0.415,3.2,12.7,8.1,12.3,2.4,0.9,13.4,20.4,2.0,2.5,4.5,0.124,-0.7,1.2,0.5,1.1,,hardeja01,2010
186,Ramon Sessions,23,MIN,PG,82,1,1732,12.9,0.513,0.027,0.42,3.7,10.3,6.9,23.3,1.6,0.2,17.2,19.9,0.5,0.6,1.1,0.031,-1.8,-1.2,-3.0,-0.4,,sessira01,2010
187,James Posey,33,NOH,SF,77,2,1731,8.7,0.525,0.701,0.232,2.1,20.5,11.2,9.3,1.3,0.8,11.8,11.4,1.0,1.4,2.4,0.067,-2.4,0.6,-1.8,0.1,,poseyja01,2010
188,Chris Douglas-Roberts,23,NJN,SF,67,38,1730,11.5,0.512,0.094,0.274,2.9,10.7,6.6,9.5,1.7,0.8,13.1,19.6,-0.2,0.9,0.7,0.02,-2.2,-0.9,-3.2,-0.5,,douglch01,2010
189,Ben Gordon,26,DET,SG,62,17,1730,14.0,0.534,0.335,0.329,1.7,7.0,4.2,16.7,1.5,0.3,12.9,24.5,1.8,0.4,2.1,0.059,0.3,-1.8,-1.4,0.2,,gordobe01,2010
190,Tony Parker,27,SAS,PG,56,50,1728,16.4,0.542,0.047,0.344,0.5,8.5,4.6,30.9,0.9,0.3,15.3,25.8,2.0,1.6,3.6,0.101,0.6,-1.3,-0.7,0.6,,parketo01,2010
191,Kevin Love,21,MIN,PF,60,22,1714,20.7,0.549,0.164,0.427,14.5,28.6,21.5,12.9,1.3,1.0,13.2,22.4,3.4,1.5,4.9,0.138,2.7,-1.2,1.5,1.5,6MOY-11,loveke01,2010
192,Chris Paul,24,NOH,PG,45,45,1712,23.7,0.584,0.199,0.298,1.3,11.9,6.5,45.4,2.9,0.4,13.5,22.2,5.7,1.5,7.3,0.204,4.6,1.6,6.2,3.5,AS,paulch01,2010
193,Jason Williams,34,ORL,PG,82,18,1703,12.9,0.555,0.519,0.096,0.5,7.8,4.3,26.9,1.6,0.1,16.4,14.5,2.5,2.0,4.5,0.127,0.6,0.4,1.0,1.3,,willija02,2010
194,Shannon Brown,24,LAL,SG,82,7,1700,12.4,0.517,0.319,0.204,2.0,10.0,6.0,9.9,1.7,1.4,9.4,18.8,1.1,2.3,3.4,0.096,-1.2,0.8,-0.4,0.7,,brownsh01,2010
195,Chris Andersen,31,DEN,PF,76,0,1695,15.8,0.631,0.012,0.94,10.1,22.7,16.4,2.8,1.3,6.3,14.3,10.8,3.2,2.7,5.9,0.166,-0.1,1.9,1.8,1.6,,anderch01,2010
196,J.J. Hickson,21,CLE,PF,81,73,1691,15.2,0.58,0.002,0.312,8.2,19.5,14.1,3.9,1.1,1.8,13.4,18.9,1.8,2.5,4.3,0.123,-1.0,-0.4,-1.4,0.3,,hicksjj01,2010
197,Mickaël Piétrus,27,ORL,SF,75,24,1687,11.9,0.555,0.568,0.202,2.8,11.6,7.4,4.7,1.6,1.4,10.5,18.0,1.2,2.5,3.6,0.103,0.0,0.9,0.9,1.2,,pietrmi01,2010
198,Andrei Kirilenko,28,UTA,SF,58,35,1681,18.2,0.588,0.185,0.485,5.5,12.9,9.3,14.0,2.5,3.4,11.9,17.7,3.3,2.7,6.0,0.171,2.7,2.4,5.1,3.0,DPOY-16,kirilan01,2010
199,Ronald Murray,30,2TM,SG,75,2,1673,11.7,0.485,0.324,0.284,2.0,10.6,6.4,14.0,1.4,0.8,10.6,23.6,-0.2,2.0,1.8,0.051,-1.7,-0.6,-2.3,-0.1,,murraro01,2010
200,Ronald Murray,30,CHA,SG,46,1,993,11.4,0.484,0.319,0.319,1.9,9.9,5.9,15.2,1.5,1.0,12.2,25.0,-0.4,1.3,0.9,0.041,-1.7,-0.4,-2.1,0.0,,murraro01,2010
201,Ronald Murray,30,CHI,SG,29,1,680,12.1,0.487,0.331,0.232,2.2,11.6,7.0,12.2,1.4,0.4,8.0,21.5,0.2,0.7,0.9,0.065,-1.7,-0.9,-2.5,-0.1,,murraro01,2010
202,Randy Foye,26,WAS,PG,70,38,1667,13.2,0.516,0.294,0.234,1.1,8.0,4.5,22.6,1.0,0.5,12.1,21.1,1.6,0.7,2.2,0.064,0.0,-1.2,-1.2,0.3,,foyera01,2010
203,Will Bynum,27,DET,PG,63,20,1667,13.8,0.513,0.103,0.333,1.6,9.2,5.2,28.2,1.8,0.4,15.8,20.1,1.3,0.6,1.9,0.054,-1.0,-1.3,-2.2,-0.1,,bynumwi01,2010
204,DeMar DeRozan,20,TOR,SG,77,65,1664,12.5,0.554,0.031,0.379,4.8,10.9,7.9,4.9,1.3,0.8,9.4,18.1,2.0,0.3,2.3,0.066,-1.5,-1.3,-2.8,-0.3,,derozde01,2010
205,Tayshaun Prince,29,DET,SF,49,49,1664,16.0,0.53,0.126,0.169,4.9,13.8,9.0,16.9,1.1,1.1,8.8,18.9,2.6,0.6,3.2,0.091,1.8,-1.0,0.8,1.2,,princta01,2010
206,Yi Jianlian,22,NJN,PF,52,51,1655,12.3,0.481,0.073,0.343,7.7,18.7,13.0,4.9,1.2,2.3,10.6,20.1,0.0,1.3,1.3,0.037,-2.8,-1.3,-4.1,-0.9,,jianlyi01,2010
207,Kyle Lowry,23,HOU,PG,68,0,1651,15.5,0.536,0.293,0.56,6.1,11.2,8.6,27.7,1.9,0.4,16.7,18.6,2.9,1.4,4.3,0.126,0.4,0.4,0.8,1.2,6MOY-11,lowryky01,2010
208,Kevin Martin,26,2TM,SG,46,43,1633,17.0,0.561,0.303,0.491,2.0,9.7,5.8,11.2,1.4,0.3,9.8,25.3,3.2,1.0,4.2,0.123,1.0,-1.4,-0.4,0.6,,martike02,2010
209,Kevin Martin,26,SAC,SG,22,21,774,17.0,0.535,0.324,0.457,2.9,11.1,7.0,11.9,1.5,0.4,7.9,25.3,1.5,0.4,1.9,0.116,1.8,-1.0,0.8,0.5,,martike02,2010
210,Kevin Martin,26,HOU,SG,24,22,859,17.1,0.586,0.282,0.523,1.2,8.4,4.7,10.5,1.4,0.2,11.6,25.4,1.8,0.5,2.3,0.129,0.3,-1.8,-1.5,0.1,,martike02,2010
211,Juwan Howard,36,POR,C,73,27,1632,10.0,0.538,0.003,0.187,8.1,17.3,12.7,5.9,0.9,0.5,15.1,13.9,1.1,1.6,2.6,0.077,-3.0,-0.4,-3.5,-0.6,,howarju01,2010
212,Donté Greene,21,SAC,SF,76,50,1630,11.6,0.526,0.331,0.253,3.7,12.9,8.2,6.8,1.3,2.4,13.1,19.2,0.3,1.2,1.5,0.044,-1.2,-0.4,-1.6,0.1,,greendo01,2010
213,Antonio McDyess,35,SAS,PF,77,50,1617,12.2,0.492,0.005,0.133,11.0,21.8,16.5,7.7,1.4,1.4,14.8,15.1,0.6,2.6,3.2,0.094,-1.8,0.8,-1.0,0.4,,mcdyean01,2010
214,Charlie Bell,30,MIL,SG,71,39,1611,7.9,0.486,0.451,0.151,2.1,7.5,4.7,9.8,1.3,0.6,10.3,14.8,0.1,1.9,2.0,0.06,-2.9,0.5,-2.4,-0.2,,bellch01,2010
215,Damien Wilkins,30,MIN,SF,80,31,1585,11.5,0.515,0.16,0.339,5.0,12.7,8.8,12.5,2.1,1.2,14.8,14.1,0.9,1.0,1.9,0.056,-2.0,0.7,-1.3,0.3,,wilkida02,2010
216,Carlos Arroyo,30,MIA,PG,72,35,1585,12.3,0.529,0.067,0.24,1.9,7.7,4.8,22.2,1.2,0.3,11.5,13.9,2.2,1.5,3.7,0.113,-1.5,0.1,-1.5,0.2,,arroyca01,2010
217,Keith Bogans,29,SAS,SF,79,50,1559,7.7,0.542,0.658,0.168,1.9,11.2,6.6,8.5,1.5,0.6,14.2,11.0,0.7,1.9,2.6,0.081,-2.7,1.5,-1.2,0.3,,boganke01,2010
218,Nick Collison,29,OKC,C,75,5,1557,13.1,0.616,0.013,0.346,11.5,16.7,14.2,3.7,1.2,2.3,15.0,12.1,2.6,2.2,4.7,0.146,-1.9,0.8,-1.2,0.3,,collini01,2010
219,Hakim Warrick,27,2TM,PF,76,6,1557,15.6,0.547,0.013,0.498,9.0,13.9,11.4,5.6,0.8,0.9,10.7,21.8,2.2,1.8,4.0,0.124,-0.4,-0.9,-1.3,0.3,,warriha01,2010
220,Hakim Warrick,27,MIL,PF,48,6,1024,15.6,0.54,0.016,0.455,9.2,14.6,11.8,5.8,0.9,0.8,11.2,22.6,1.2,1.3,2.5,0.119,-0.4,-0.5,-1.0,0.3,,warriha01,2010
221,Hakim Warrick,27,CHI,PF,28,0,533,15.7,0.56,0.006,0.593,8.5,12.8,10.6,5.2,0.7,1.1,9.6,20.2,1.0,0.5,1.5,0.133,-0.3,-1.6,-1.9,0.0,,warriha01,2010
222,Willie Green,28,PHI,SG,73,18,1553,12.8,0.538,0.25,0.21,1.5,8.4,4.9,15.8,1.1,0.6,10.1,19.4,1.8,0.3,2.2,0.067,-0.7,-1.5,-2.2,-0.1,,greenwi01,2010
223,Richard Hamilton,31,DET,SG,46,46,1552,14.9,0.505,0.192,0.336,2.2,7.7,4.8,23.5,1.0,0.2,12.3,27.9,1.2,0.1,1.4,0.043,0.6,-2.7,-2.1,0.0,,hamilri01,2010
224,Jason Maxiell,26,DET,C,76,29,1550,14.0,0.531,0.002,0.373,11.8,20.0,15.7,4.1,1.3,2.1,12.3,16.4,1.5,1.1,2.6,0.081,-1.4,-1.3,-2.7,-0.3,,maxieja01,2010
225,J.J. Barea,25,DAL,PG,78,18,1546,12.8,0.526,0.298,0.171,1.3,9.5,5.4,26.1,1.2,0.3,15.3,19.9,1.0,1.2,2.2,0.069,-0.6,-0.7,-1.3,0.3,,bareajo01,2010
226,Roger Mason,29,SAS,SG,79,5,1515,9.7,0.49,0.532,0.069,0.9,11.5,6.3,13.5,1.0,0.7,10.4,17.2,0.3,1.7,1.9,0.062,-1.4,0.1,-1.2,0.3,,masonro01,2010
227,Delonte West,26,CLE,SG,60,3,1500,13.8,0.53,0.177,0.326,2.4,10.6,6.7,20.0,1.9,1.4,15.3,18.3,1.3,2.0,3.3,0.106,-0.3,1.0,0.7,1.0,,westde01,2010
228,C.J. Miles,22,UTA,SF,63,28,1497,10.8,0.515,0.386,0.169,3.4,9.7,6.6,10.7,2.0,0.9,11.8,20.5,0.2,1.7,1.9,0.061,-2.0,0.1,-1.9,0.0,,milescj01,2010
229,Dorell Wright,24,MIA,SF,72,1,1496,14.5,0.567,0.375,0.165,4.0,14.4,9.2,9.8,1.9,1.7,10.6,15.8,2.1,2.2,4.3,0.137,0.7,1.2,1.8,1.5,,wrighdo01,2010
230,DeJuan Blair,20,SAS,PF,82,23,1494,17.7,0.564,0.004,0.325,16.0,25.1,20.6,7.1,1.8,1.9,16.5,20.8,1.8,2.8,4.6,0.147,-1.0,0.4,-0.7,0.5,,blairde01,2010
231,Chase Budinger,21,HOU,SF,74,4,1488,14.1,0.545,0.441,0.154,2.8,14.6,8.5,9.7,1.2,0.5,7.4,19.4,1.9,1.2,3.1,0.1,1.1,-0.7,0.5,0.9,,budinch01,2010
232,Mike Dunleavy,29,IND,SF,67,15,1486,13.1,0.531,0.423,0.283,1.8,15.6,8.7,11.3,1.3,0.7,10.3,20.7,0.8,1.5,2.3,0.075,-0.5,-0.4,-0.8,0.4,,dunlemi02,2010
233,Andrés Nocioni,30,SAC,SF,75,28,1477,11.1,0.504,0.424,0.169,2.5,14.9,8.6,8.0,1.1,1.3,9.6,20.9,0.4,1.0,1.3,0.044,-1.3,-1.1,-2.4,-0.1,,nocioan01,2010
234,Jordan Farmar,23,LAL,PG,82,0,1474,12.3,0.535,0.445,0.165,1.1,8.8,5.0,13.4,1.8,0.6,11.5,19.0,1.0,1.8,2.8,0.093,-0.8,0.5,-0.4,0.6,,farmajo01,2010
235,D.J. Augustin,22,CHA,PG,80,2,1472,11.2,0.516,0.409,0.301,0.9,6.9,4.0,21.7,1.6,0.3,13.1,17.9,1.1,1.7,2.8,0.092,-1.5,0.3,-1.1,0.3,,augusdj01,2010
236,Amir Johnson,22,TOR,PF,82,5,1453,16.7,0.639,0.012,0.446,12.9,19.1,16.1,5.0,1.6,3.5,13.6,14.5,3.4,1.1,4.5,0.15,-0.6,0.0,-0.6,0.5,,johnsam01,2010
237,Goran Dragić,23,PHO,PG,80,2,1442,14.8,0.566,0.383,0.324,3.2,9.8,6.7,24.1,1.7,0.4,18.3,21.1,2.0,0.8,2.8,0.094,0.8,-0.7,0.1,0.8,,dragigo01,2010
238,Rudy Fernández,24,POR,SG,62,2,1441,13.1,0.54,0.629,0.232,3.0,11.2,7.0,13.8,2.4,0.6,13.4,17.7,1.4,1.6,3.0,0.101,0.6,0.9,1.5,1.3,,fernaru01,2010
239,Anthony Tolliver,24,2TM,PF,46,29,1427,13.6,0.531,0.339,0.298,6.5,18.7,12.5,8.6,1.1,1.7,8.3,16.6,1.7,0.8,2.5,0.084,-0.3,-1.3,-1.6,0.1,,tollian01,2010
240,Anthony Tolliver,24,POR,PF,2,0,4,-11.5,0.0,1.0,0.0,0.0,31.2,15.5,0.0,0.0,0.0,0.0,11.9,0.0,0.0,0.0,-0.217,-15.0,-2.6,-17.6,0.0,,tollian01,2010
241,Anthony Tolliver,24,GSW,PF,44,29,1423,13.7,0.532,0.337,0.299,6.5,18.6,12.5,8.6,1.1,1.7,8.3,16.6,1.8,0.8,2.5,0.085,-0.3,-1.3,-1.6,0.2,,tollian01,2010
242,Nick Young,24,WAS,SG,74,23,1421,10.7,0.519,0.305,0.233,1.6,6.7,4.1,5.7,1.0,0.4,8.3,21.4,0.9,0.5,1.4,0.046,-2.0,-1.7,-3.7,-0.6,,youngni01,2010
243,Rafer Alston,33,2TM,PG,52,38,1421,8.2,0.443,0.377,0.182,1.0,9.7,5.3,20.2,1.9,0.5,16.5,18.8,-1.6,1.2,-0.4,-0.013,-3.3,-0.5,-3.8,-0.6,,alstora01,2010
244,Rafer Alston,33,NJN,PG,27,13,766,8.7,0.436,0.314,0.195,1.3,10.4,5.6,23.1,1.9,0.5,16.9,21.7,-1.2,0.4,-0.8,-0.051,-3.0,-1.1,-4.0,-0.4,,alstora01,2010
245,Rafer Alston,33,MIA,PG,25,25,655,7.7,0.456,0.479,0.16,0.7,8.9,4.8,16.7,1.9,0.6,15.8,15.4,-0.4,0.8,0.4,0.031,-3.7,0.3,-3.4,-0.2,,alstora01,2010
246,Darius Songaila,31,NOH,C,75,1,1410,11.6,0.522,0.012,0.152,4.8,14.7,9.7,7.9,2.3,0.8,13.5,19.5,0.0,1.2,1.3,0.044,-3.9,0.2,-3.7,-0.6,,songada01,2010
247,Antoine Wright,25,TOR,SF,67,10,1392,8.6,0.502,0.434,0.193,3.3,12.6,8.1,7.4,1.1,0.6,11.8,16.1,0.1,0.2,0.3,0.011,-1.9,-1.4,-3.3,-0.4,,wrighan01,2010
248,Wayne Ellington,22,MIN,SG,76,1,1384,9.6,0.527,0.362,0.156,2.6,10.4,6.4,8.3,0.7,0.3,13.4,17.4,0.3,0.1,0.4,0.014,-1.6,-1.9,-3.5,-0.5,,ellinwa01,2010
249,Sonny Weems,23,TOR,SG,69,19,1368,12.9,0.533,0.033,0.14,3.7,12.6,8.3,11.6,1.5,1.4,11.8,18.4,0.8,0.5,1.3,0.044,-1.3,-0.7,-2.0,0.0,,weemsso01,2010
250,Zydrunas Ilgauskas,34,CLE,C,64,6,1339,11.9,0.491,0.053,0.231,10.7,19.6,15.3,5.6,0.5,2.9,11.6,19.0,0.5,2.0,2.5,0.088,-3.1,-0.7,-3.8,-0.6,,ilgauzy01,2010
251,Serge Ibaka,20,OKC,PF,73,0,1323,15.2,0.562,0.005,0.249,12.3,21.9,17.2,1.2,1.0,5.5,14.2,16.2,1.3,2.4,3.7,0.134,-2.4,0.9,-1.5,0.2,,ibakase01,2010
252,Joel Anthony,27,MIA,C,80,16,1322,10.2,0.546,0.0,0.579,11.0,11.1,11.1,1.3,0.8,6.7,18.4,8.7,1.0,2.0,3.1,0.111,-3.4,1.7,-1.7,0.1,,anthojo01,2010
253,Sam Young,24,MEM,SF,80,1,1321,13.0,0.518,0.113,0.352,6.8,11.0,8.9,6.2,1.3,1.2,14.1,22.1,0.6,0.7,1.2,0.044,-1.5,-1.7,-3.1,-0.4,,youngsa01,2010
254,Ty Lawson,22,DEN,PG,65,8,1318,16.4,0.6,0.213,0.359,3.7,7.1,5.4,24.2,1.8,0.1,15.4,18.0,2.9,0.9,3.7,0.135,1.5,-0.4,1.1,1.0,,lawsoty01,2010
255,Maurice Evans,31,ATL,SF,79,5,1317,12.2,0.539,0.43,0.155,5.2,8.5,6.8,5.5,1.4,1.0,4.5,15.4,2.1,1.1,3.1,0.114,-0.4,-0.6,-0.9,0.4,,evansma01,2010
256,Jerryd Bayless,21,POR,SG,74,11,1304,14.3,0.534,0.19,0.501,1.7,9.8,5.7,22.1,1.1,0.3,13.8,24.9,1.7,1.0,2.7,0.098,-0.7,-1.0,-1.7,0.1,,bayleje01,2010
257,Erick Dampier,34,DAL,C,55,47,1280,14.0,0.637,0.014,0.474,11.6,24.1,17.9,3.5,0.6,4.5,19.2,11.4,1.8,2.0,3.7,0.14,-1.6,1.0,-0.6,0.5,,dampier01,2010
258,Eric Maynor,22,2TM,PG,81,2,1269,11.8,0.478,0.193,0.196,2.0,9.6,5.9,31.5,1.6,0.6,17.5,17.1,0.5,1.4,1.9,0.071,-1.7,-0.1,-1.8,0.1,,maynoer01,2010
259,Eric Maynor,22,UTA,PG,26,2,363,12.3,0.454,0.18,0.248,3.4,8.9,6.2,33.1,1.8,0.4,16.0,21.7,0.0,0.4,0.4,0.051,-1.1,-0.4,-1.5,0.0,,maynoer01,2010
260,Eric Maynor,22,OKC,PG,55,0,906,11.6,0.492,0.2,0.166,1.4,9.9,5.8,30.9,1.5,0.7,18.4,15.3,0.5,1.0,1.5,0.079,-1.9,0.1,-1.9,0.0,,maynoer01,2010
261,Shaquille O'Neal,37,CLE,C,53,53,1240,17.9,0.565,0.002,0.488,9.4,24.0,17.0,11.3,0.6,3.9,15.7,25.1,0.9,2.1,3.1,0.119,-1.0,0.8,-0.2,0.6,,onealsh01,2010
262,Craig Smith,26,LAC,PF,75,2,1232,16.9,0.599,0.013,0.524,9.1,18.0,13.5,11.8,1.4,1.5,15.3,21.2,2.0,1.0,3.0,0.117,-0.9,0.1,-0.8,0.4,,smithcr01,2010
263,Ryan Hollins,25,MIN,C,73,27,1223,11.0,0.6,0.003,0.521,7.1,11.9,9.5,6.4,0.8,2.3,20.3,16.6,0.8,0.5,1.2,0.048,-3.9,-0.7,-4.6,-0.8,,holliry01,2010
264,Kris Humphries,24,2TM,PF,69,0,1221,15.1,0.495,0.002,0.466,11.0,25.1,17.8,4.5,1.5,2.9,11.8,21.0,0.3,1.6,1.9,0.074,-2.6,-0.9,-3.5,-0.5,,humphkr01,2010
265,Kris Humphries,24,DAL,PF,25,0,315,14.8,0.487,0.0,0.383,14.0,20.5,17.3,3.6,1.2,2.6,8.8,21.5,0.2,0.4,0.6,0.097,-2.4,-1.0,-3.4,-0.1,,humphkr01,2010
266,Kris Humphries,24,NJN,PF,44,0,906,15.1,0.498,0.003,0.498,10.0,26.7,18.0,4.8,1.7,3.0,12.9,20.8,0.1,1.1,1.3,0.066,-2.6,-0.9,-3.5,-0.3,,humphkr01,2010
267,Tyrus Thomas,23,2TM,C,54,3,1220,16.8,0.511,0.007,0.417,7.8,23.6,15.9,7.8,2.7,5.5,15.6,22.1,-0.3,2.9,2.6,0.103,-2.0,2.9,0.9,0.9,,thomaty01,2010
268,Tyrus Thomas,23,CHI,PF,29,3,678,16.5,0.523,0.005,0.439,7.0,22.8,15.0,7.8,3.0,5.4,17.5,19.6,-0.2,1.6,1.4,0.101,-1.6,3.6,2.0,0.7,,thomaty01,2010
269,Tyrus Thomas,23,CHA,C,25,0,542,17.1,0.499,0.009,0.395,8.8,24.7,16.9,7.8,2.3,5.6,13.7,25.1,-0.1,1.3,1.2,0.106,-2.4,1.9,-0.5,0.2,,thomaty01,2010
270,Eddie House,31,2TM,PG,68,0,1217,10.5,0.495,0.499,0.114,1.3,9.3,5.3,11.0,1.7,0.5,9.0,20.0,0.0,1.1,1.1,0.042,-1.5,-0.5,-2.0,0.0,,houseed01,2010
271,Eddie House,31,BOS,PG,50,0,846,11.9,0.527,0.519,0.124,1.0,8.7,5.0,9.2,1.7,0.7,7.4,20.3,0.4,1.0,1.4,0.081,-0.4,0.0,-0.4,0.3,,houseed01,2010
272,Eddie House,31,NYK,SG,18,0,371,7.3,0.416,0.451,0.09,1.8,10.6,6.1,14.9,1.7,0.0,12.6,19.3,-0.5,0.1,-0.4,-0.047,-4.0,-1.8,-5.8,-0.4,,houseed01,2010
273,T.J. Ford,26,IND,PG,47,32,1189,13.4,0.507,0.12,0.323,3.7,10.0,6.8,24.8,1.8,0.7,15.9,21.0,0.3,1.1,1.4,0.058,-1.4,0.0,-1.4,0.2,,fordtj01,2010
274,Gilbert Arenas,28,WAS,PG,32,32,1169,18.7,0.511,0.294,0.336,1.6,11.6,6.5,36.3,1.8,0.6,14.2,31.9,0.9,0.9,1.8,0.072,2.9,-1.2,1.7,1.1,,arenagi01,2010
275,Lou Amundson,27,PHO,PF,79,0,1168,14.4,0.562,0.004,0.446,13.1,19.9,16.7,3.7,1.0,4.4,14.7,14.6,1.5,1.3,2.9,0.118,-1.5,0.4,-1.1,0.3,,amundlo01,2010
276,Tyson Chandler,27,CHA,C,51,27,1163,12.5,0.643,0.0,0.826,12.0,21.0,16.6,2.2,0.8,3.9,26.0,14.0,0.9,2.0,2.9,0.12,-3.1,1.1,-2.0,0.0,,chandty01,2010
277,Matt Bonner,29,SAS,PF,65,8,1161,14.9,0.581,0.621,0.129,5.3,16.1,10.8,9.0,1.4,1.5,9.0,17.0,2.1,1.6,3.7,0.153,1.8,0.9,2.6,1.3,,bonnema01,2010
278,DeAndre Jordan,21,LAC,C,70,12,1137,12.7,0.571,0.008,0.538,12.4,23.6,17.9,2.9,0.7,4.0,20.3,14.7,0.2,1.2,1.5,0.061,-3.5,-0.3,-3.8,-0.5,,jordade01,2010
279,Marco Belinelli,23,TOR,SG,66,1,1121,12.6,0.543,0.417,0.319,1.5,8.3,5.0,11.8,1.9,0.3,12.2,20.1,0.9,0.2,1.2,0.049,-0.3,-1.0,-1.3,0.2,,belinma01,2010
280,Earl Boykins,33,WAS,PG,67,1,1117,12.9,0.498,0.149,0.221,1.7,6.1,3.9,25.3,1.1,0.2,13.5,20.7,0.6,0.3,1.0,0.042,-0.5,-2.0,-2.4,-0.1,,boykiea01,2010
281,Larry Hughes,31,2TM,SG,45,16,1115,12.0,0.472,0.36,0.293,2.4,12.4,7.3,18.9,2.4,1.0,14.7,20.9,-0.3,1.0,0.7,0.03,-2.0,0.1,-1.9,0.0,,hughela01,2010
282,Larry Hughes,31,NYK,SG,31,14,820,12.3,0.473,0.348,0.283,2.2,13.3,7.6,20.1,2.5,1.0,15.1,20.4,-0.2,0.6,0.4,0.023,-1.9,0.1,-1.8,0.0,,hughela01,2010
283,Larry Hughes,31,CHA,SG,14,2,295,11.1,0.467,0.393,0.318,2.9,10.0,6.5,15.8,2.2,1.1,13.5,22.2,-0.1,0.4,0.3,0.051,-2.1,0.0,-2.1,0.0,,hughela01,2010
284,Nate Robinson,25,2TM,PG,56,2,1115,16.3,0.543,0.452,0.136,2.9,8.6,5.8,24.9,2.3,0.3,12.3,24.4,1.4,0.8,2.2,0.095,1.2,-0.6,0.7,0.7,,robinna01,2010
285,Nate Robinson,25,NYK,PG,30,2,733,17.6,0.552,0.405,0.161,3.5,7.7,5.6,26.4,1.9,0.5,12.8,25.4,1.1,0.3,1.4,0.091,2.1,-1.2,0.9,0.5,,robinna01,2010
286,Nate Robinson,25,BOS,PG,26,0,382,13.9,0.522,0.554,0.083,1.7,10.3,6.1,22.1,3.0,0.0,10.9,22.4,0.2,0.6,0.8,0.103,-0.5,0.6,0.2,0.2,,robinna01,2010
287,Trenton Hassell,30,NJN,SF,52,31,1106,6.5,0.465,0.023,0.315,5.6,10.5,7.9,7.2,0.8,0.6,15.9,12.3,-0.4,0.3,-0.1,-0.003,-4.2,-1.1,-5.3,-0.9,,hassetr01,2010
288,Zaza Pachulia,25,ATL,C,78,1,1089,13.1,0.539,0.016,0.581,12.4,19.0,15.7,5.6,1.8,2.2,15.8,15.5,1.2,1.5,2.7,0.121,-2.7,0.2,-2.5,-0.1,,pachuza01,2010
289,Marcin Gortat,25,ORL,C,81,0,1088,13.9,0.563,0.013,0.33,11.5,24.3,18.1,2.4,0.8,4.8,15.0,13.0,1.2,2.2,3.4,0.151,-1.7,1.7,0.1,0.6,,gortama01,2010
290,Toney Douglas,23,NYK,PG,56,12,1087,14.9,0.571,0.448,0.174,4.1,7.2,5.6,16.6,2.0,0.2,11.6,19.8,1.8,0.4,2.2,0.097,0.5,-0.8,-0.4,0.5,,douglto01,2010
291,Daniel Gibson,23,CLE,PG,56,10,1068,11.3,0.613,0.556,0.183,1.5,6.4,4.1,9.8,1.2,0.5,11.1,14.2,1.6,1.0,2.6,0.117,0.0,0.0,0.0,0.5,,gibsoda01,2010
292,Devin Brown,31,2TM,SG,50,37,1060,10.0,0.5,0.454,0.238,3.2,10.6,6.8,9.1,1.6,0.4,13.5,19.8,-0.2,0.6,0.4,0.017,-1.9,-0.8,-2.7,-0.2,,brownde02,2010
293,Devin Brown,31,NOH,SG,39,37,967,10.9,0.522,0.452,0.265,3.2,10.1,6.6,9.0,1.6,0.4,13.6,19.8,0.1,0.5,0.6,0.031,-1.4,-0.8,-2.2,0.0,,brownde02,2010
294,Devin Brown,31,CHI,SG,11,0,93,0.4,0.278,0.472,0.0,2.4,15.3,9.0,10.9,1.7,0.8,12.2,19.8,-0.4,0.1,-0.3,-0.129,-8.0,-0.3,-8.3,-0.1,,brownde02,2010
295,Jamario Moon,29,CLE,SF,61,2,1052,12.6,0.555,0.405,0.182,3.1,17.8,10.8,6.9,1.7,2.2,7.9,12.8,1.2,1.7,2.9,0.131,-0.2,1.6,1.4,0.9,,moonja01,2010
296,Kurt Thomas,37,MIL,C,70,9,1049,9.9,0.489,0.0,0.072,8.7,23.5,15.8,6.7,1.3,3.4,18.3,11.3,0.0,2.0,2.1,0.095,-4.4,2.1,-2.2,-0.1,,thomaku01,2010
297,Sergio Rodríguez,23,2TM,PG,66,8,1048,14.8,0.554,0.259,0.265,2.6,7.2,4.8,32.2,2.4,0.4,22.5,21.6,0.6,0.6,1.2,0.053,0.0,-1.3,-1.3,0.2,,rodrise01,2010
298,Sergio Rodríguez,23,SAC,PG,39,0,517,16.9,0.538,0.221,0.326,3.3,7.9,5.5,37.7,2.9,0.4,21.4,23.6,0.4,0.4,0.8,0.074,1.1,-0.6,0.5,0.3,,rodrise01,2010
299,Sergio Rodríguez,23,NYK,PG,27,8,531,12.8,0.573,0.304,0.193,1.9,6.5,4.2,26.9,2.0,0.3,24.0,19.5,0.2,0.2,0.4,0.033,-1.1,-1.9,-3.0,-0.1,,rodrise01,2010
300,Josh Boone,25,NJN,PF,63,28,1045,13.7,0.509,0.0,0.26,13.1,22.0,17.4,4.6,1.5,3.4,13.0,12.5,0.7,1.1,1.8,0.084,-1.8,-0.2,-2.0,0.0,,boonejo01,2010
301,Jarvis Hayes,28,NJN,SF,45,19,1033,9.7,0.521,0.546,0.055,1.0,11.5,6.0,6.7,1.5,0.6,7.7,16.2,0.3,0.5,0.8,0.038,-2.2,-0.7,-2.9,-0.2,,hayesja01,2010
302,Marreese Speights,22,PHI,C,62,1,1016,17.6,0.524,0.011,0.327,9.7,19.7,14.6,6.2,1.5,2.6,9.1,25.1,1.2,0.9,2.1,0.101,-1.3,-1.6,-2.9,-0.2,,speigma01,2010
303,Robin Lopez,21,PHO,C,51,31,986,17.6,0.621,0.0,0.43,12.6,15.6,14.2,1.1,0.5,3.8,10.6,17.3,2.5,0.8,3.2,0.158,0.3,-0.9,-0.6,0.4,,lopezro01,2010
304,Nazr Mohammed,32,CHA,C,58,29,984,19.6,0.578,0.0,0.365,14.2,22.9,18.6,5.4,0.8,3.6,11.8,21.3,1.8,1.8,3.6,0.174,0.6,-0.1,0.5,0.6,,mohamna01,2010
305,James Singleton,28,2TM,SF,57,3,977,11.4,0.452,0.146,0.244,12.6,20.0,16.3,4.8,1.5,3.3,14.8,15.4,-0.1,1.2,1.1,0.056,-3.2,0.0,-3.2,-0.3,,singlja01,2010
306,James Singleton,28,DAL,SF,25,0,211,10.2,0.443,0.344,0.094,9.4,20.4,14.9,6.3,2.7,2.5,15.3,17.1,-0.2,0.4,0.2,0.048,-4.4,0.9,-3.5,-0.1,,singlja01,2010
307,James Singleton,28,WAS,PF,32,3,766,11.8,0.454,0.079,0.295,13.5,19.8,16.6,4.3,1.2,3.6,14.7,14.9,0.1,0.9,0.9,0.059,-2.8,-0.3,-3.1,-0.2,,singlja01,2010
308,Jason Kapono,28,PHI,SF,57,12,976,8.4,0.527,0.568,0.05,1.7,6.4,4.0,6.1,1.1,0.5,10.0,15.9,0.3,0.1,0.5,0.023,-1.9,-2.2,-4.0,-0.5,,kaponja01,2010
309,Morris Peterson,32,NOH,SG,46,39,973,9.3,0.503,0.568,0.179,2.0,13.4,7.6,6.2,1.3,0.4,7.7,16.5,0.3,0.5,0.8,0.039,-1.9,-1.3,-3.2,-0.3,,petermo01,2010
310,Keyon Dooling,29,NJN,PG,53,8,971,11.6,0.519,0.485,0.188,0.9,5.7,3.2,24.0,1.8,0.0,14.4,19.4,0.4,0.3,0.7,0.035,-1.2,-1.6,-2.8,-0.2,,doolike01,2010
311,JaVale McGee,22,WAS,C,60,19,968,17.0,0.539,0.003,0.378,10.3,18.7,14.5,2.4,0.9,8.0,12.5,19.1,0.8,1.3,2.1,0.105,-2.0,1.2,-0.8,0.3,,mcgeeja01,2010
312,Kyle Korver,28,UTA,SG,52,0,952,13.9,0.62,0.393,0.175,1.3,12.2,6.9,13.9,1.4,1.0,12.2,16.2,1.6,1.0,2.6,0.13,1.0,0.3,1.4,0.8,,korveky01,2010
313,Ime Udoka,32,SAC,SG,69,2,944,9.6,0.47,0.378,0.237,6.1,17.2,11.6,8.8,1.8,0.5,13.6,14.4,0.0,0.8,0.8,0.041,-2.2,0.3,-1.9,0.0,,udokaim01,2010
314,Marquis Daniels,29,BOS,SF,51,4,937,9.6,0.526,0.112,0.225,3.6,8.7,6.2,11.1,1.5,0.5,13.3,15.8,0.2,1.0,1.3,0.064,-2.9,0.2,-2.7,-0.2,,daniema01,2010
315,Glen Davis,24,BOS,PF,54,1,933,11.5,0.5,0.014,0.495,13.7,13.3,13.5,5.9,1.2,1.2,13.5,19.7,0.5,1.2,1.6,0.084,-3.2,-1.3,-4.5,-0.6,,davisgl01,2010
316,Nicolas Batum,21,POR,SF,37,25,918,17.3,0.646,0.493,0.19,4.3,14.8,9.5,8.0,1.4,2.2,8.5,16.4,2.4,1.1,3.5,0.181,2.8,1.1,3.9,1.4,,batumni01,2010
317,Josh Howard,29,2TM,SF,35,12,918,12.7,0.496,0.222,0.358,3.8,11.8,7.8,8.5,1.5,0.9,9.3,24.8,0.2,0.9,1.0,0.054,-2.2,-1.1,-3.3,-0.3,,howarjo01,2010
318,Josh Howard,29,DAL,SF,31,9,827,12.0,0.492,0.219,0.348,3.6,11.8,7.8,8.5,1.4,0.8,9.8,24.3,0.0,0.8,0.8,0.045,-2.5,-1.1,-3.7,-0.4,,howarjo01,2010
319,Josh Howard,29,WAS,SF,4,3,91,19.2,0.529,0.239,0.435,5.0,11.6,8.2,8.2,1.7,1.7,5.2,28.8,0.2,0.1,0.3,0.139,0.5,-0.9,-0.4,0.0,,howarjo01,2010
320,Austin Daye,21,DET,SF,69,4,915,12.8,0.546,0.322,0.19,4.2,19.8,11.5,6.3,1.5,2.4,13.1,18.5,0.6,0.7,1.3,0.067,-1.7,-0.1,-1.8,0.1,,dayeau01,2010
321,Ryan Anderson,21,ORL,PF,63,6,911,18.1,0.574,0.544,0.211,9.2,16.2,12.8,7.1,1.4,1.1,11.7,24.4,1.7,1.4,3.1,0.161,2.6,-0.3,2.3,1.0,,anderry01,2010
322,David Andersen,29,HOU,C,63,0,891,12.1,0.497,0.229,0.197,6.7,20.6,13.4,8.1,0.9,1.0,9.1,20.2,0.4,0.9,1.3,0.07,-2.0,-0.6,-2.6,-0.1,,anderda03,2010
323,Vladimir Radmanović,29,2TM,PF,41,20,891,7.9,0.449,0.396,0.099,6.4,16.2,11.3,7.2,1.6,0.6,13.4,16.0,-0.6,0.6,0.0,-0.002,-2.9,-0.9,-3.8,-0.4,,radmavl01,2010
324,Vladimir Radmanović,29,CHA,PF,8,0,133,8.0,0.437,0.524,0.143,7.4,18.7,13.1,8.6,1.2,0.6,10.1,17.3,0.0,0.2,0.2,0.055,-2.5,1.6,-1.0,0.0,,radmavl01,2010
325,Vladimir Radmanović,29,GSW,PF,33,20,758,7.9,0.452,0.372,0.091,6.2,15.8,10.9,6.9,1.6,0.6,14.0,15.8,-0.6,0.4,-0.2,-0.012,-2.9,-1.3,-4.2,-0.4,,radmavl01,2010
326,Tony Allen,28,BOS,SG,54,8,889,14.2,0.54,0.02,0.47,7.4,12.5,10.0,13.0,3.5,1.7,17.8,19.6,0.2,1.6,1.9,0.1,-1.8,2.2,0.4,0.5,,allento01,2010
327,Hasheem Thabeet,22,MEM,C,68,13,883,12.9,0.605,0.0,0.71,11.2,20.9,16.1,1.7,0.9,7.7,20.0,10.7,0.8,1.2,2.0,0.109,-3.2,1.9,-1.2,0.2,,thabeha01,2010
328,DeShawn Stevenson,28,2TM,SG,64,18,883,3.3,0.381,0.534,0.215,1.4,10.5,5.9,8.9,0.9,0.5,14.4,10.7,-0.9,0.5,-0.4,-0.022,-5.2,-0.4,-5.6,-0.8,,stevede01,2010
329,DeShawn Stevenson,28,WAS,SG,40,13,616,3.3,0.382,0.602,0.243,1.3,11.0,6.1,10.0,0.9,0.6,17.4,10.2,-0.6,0.3,-0.3,-0.025,-4.9,-0.1,-5.0,-0.5,,stevede01,2010
330,DeShawn Stevenson,28,DAL,SG,24,5,267,3.2,0.38,0.417,0.167,1.7,9.3,5.6,6.2,1.0,0.3,8.5,12.1,-0.3,0.2,-0.1,-0.015,-5.9,-1.0,-6.9,-0.3,,stevede01,2010
331,Sasha Pavlović,26,MIN,SF,71,0,877,5.4,0.422,0.393,0.087,1.5,13.6,7.5,10.0,1.3,0.5,14.5,18.1,-1.5,0.3,-1.2,-0.063,-5.0,-1.2,-6.2,-0.9,,pavloal01,2010
332,Marcus Williams,24,MEM,PG,62,1,872,10.6,0.456,0.299,0.203,1.7,10.7,6.2,26.7,1.9,0.1,20.0,18.5,-0.4,0.5,0.0,0.002,-1.6,-1.5,-3.1,-0.2,,willima03,2010
333,Ronny Turiaf,27,GSW,C,42,20,872,12.6,0.574,0.007,0.534,6.8,17.7,12.2,13.8,1.3,4.4,21.4,11.3,0.8,0.7,1.4,0.078,-1.5,1.7,0.1,0.5,,turiaro01,2010
334,Julian Wright,22,NOH,SF,68,14,871,11.8,0.518,0.026,0.177,7.7,11.8,9.7,7.0,1.7,1.6,15.0,15.4,0.2,0.6,0.8,0.044,-1.6,-0.5,-2.1,0.0,,wrighju01,2010
335,A.J. Price,23,IND,PG,56,2,865,14.0,0.53,0.492,0.212,1.5,9.7,5.6,20.5,2.0,0.2,13.2,22.7,0.4,0.8,1.2,0.065,-0.1,-0.4,-0.5,0.3,,priceaj01,2010
336,Allen Iverson,34,2TM,PG,28,24,865,13.4,0.515,0.079,0.415,2.1,8.7,5.4,21.0,1.2,0.2,14.6,23.0,0.5,0.2,0.7,0.037,-1.0,-1.9,-3.0,-0.2,AS,iversal01,2010
337,Allen Iverson,34,MEM,PG,3,0,67,16.9,0.591,0.038,0.462,1.7,5.2,3.5,28.0,0.8,0.0,18.3,25.0,0.1,0.0,0.1,0.074,1.3,-2.7,-1.4,0.0,,iversal01,2010
338,Allen Iverson,34,PHI,SG,25,24,798,13.1,0.508,0.083,0.41,2.2,9.0,5.5,20.4,1.2,0.2,14.3,22.8,0.4,0.2,0.6,0.034,-1.2,-1.9,-3.1,-0.2,,iversal01,2010
339,Anthony Carter,34,DEN,PG,54,7,859,10.3,0.482,0.348,0.072,2.3,9.6,6.0,26.6,2.3,1.1,23.7,12.6,0.1,0.8,0.9,0.051,-1.7,0.9,-0.8,0.3,,cartean01,2010
340,Rodney Carney,25,PHI,SG,68,0,857,12.7,0.515,0.479,0.223,3.5,15.5,9.4,6.7,1.5,1.8,6.3,17.6,0.9,0.6,1.5,0.082,-0.6,-0.7,-1.3,0.2,,carnero01,2010
341,Jerry Stackhouse,35,MIL,SG,42,0,855,11.1,0.517,0.411,0.218,2.4,11.3,6.6,13.4,1.3,0.8,16.0,21.9,-0.3,1.1,0.9,0.048,-1.4,-0.3,-1.7,0.1,,stackje01,2010
342,Jannero Pargo,30,CHI,PG,63,5,829,8.9,0.429,0.362,0.118,1.2,9.1,5.2,17.5,1.8,0.2,11.1,24.4,-1.1,0.9,-0.3,-0.015,-3.7,-1.1,-4.8,-0.6,,pargoja01,2010
343,Luther Head,27,IND,SG,47,10,813,11.5,0.53,0.338,0.186,0.8,10.0,5.4,14.8,1.1,0.8,13.8,21.2,-0.1,0.6,0.6,0.034,-1.5,-0.9,-2.4,-0.1,,headlu01,2010
344,Theo Ratliff,36,2TM,C,49,29,807,10.3,0.511,0.0,0.329,8.9,14.3,11.6,4.7,0.8,6.0,19.1,12.3,0.1,1.4,1.4,0.084,-3.9,1.8,-2.1,0.0,,ratlith01,2010
345,Theo Ratliff,36,SAS,C,21,3,183,7.8,0.45,0.0,0.111,9.8,15.7,12.8,6.9,0.9,7.1,29.8,13.4,-0.3,0.3,0.1,0.019,-6.6,2.4,-4.1,-0.1,,ratlith01,2010
346,Theo Ratliff,36,CHA,C,28,26,624,11.0,0.528,0.0,0.397,8.7,13.9,11.3,4.1,0.8,5.7,15.5,12.0,0.3,1.0,1.3,0.104,-3.1,1.6,-1.5,0.1,,ratlith01,2010
347,Ronnie Price,26,UTA,PG,60,4,806,10.3,0.476,0.26,0.244,4.2,6.6,5.4,22.0,2.5,1.3,17.3,18.0,-0.1,1.0,0.9,0.056,-2.5,1.2,-1.3,0.1,,pricero01,2010
348,Stephen Graham,27,CHA,SG,70,8,804,11.2,0.551,0.208,0.271,3.7,16.3,10.1,5.0,1.3,1.0,11.8,17.6,0.4,1.2,1.6,0.094,-2.4,0.8,-1.6,0.1,,grahast01,2010
349,Shaun Livingston,24,2TM,PG,36,18,796,12.8,0.563,0.03,0.239,2.3,9.0,5.6,26.3,1.1,1.1,20.7,15.9,0.7,0.5,1.2,0.07,-1.1,-0.4,-1.4,0.1,,livinsh01,2010
350,Shaun Livingston,24,OKC,PG,10,0,130,4.7,0.313,0.125,0.0,3.6,13.8,8.8,14.7,2.0,1.1,33.3,8.3,-0.2,0.2,0.0,-0.004,-4.8,2.2,-2.7,0.0,,livinsh01,2010
351,Shaun Livingston,24,WAS,PG,26,18,666,14.4,0.582,0.022,0.259,2.0,8.1,5.0,28.6,0.9,1.0,19.5,17.4,0.9,0.3,1.2,0.085,-0.3,-0.9,-1.2,0.1,,livinsh01,2010
352,DeMarre Carroll,23,MEM,SF,71,1,795,8.5,0.426,0.027,0.239,7.8,14.3,11.0,5.9,1.8,0.9,8.9,14.8,-0.1,0.6,0.5,0.031,-3.8,-0.4,-4.2,-0.4,,carrode01,2010
353,Leandro Barbosa,27,PHO,PG,44,5,786,14.0,0.526,0.373,0.2,1.7,7.9,5.0,12.5,1.5,1.1,10.4,24.9,0.7,0.4,1.1,0.065,-0.8,-1.3,-2.1,0.0,,barbole01,2010
354,Chris Hunter,25,GSW,C,60,9,783,12.2,0.546,0.018,0.318,7.9,16.0,11.9,6.7,0.8,3.2,10.8,15.2,0.9,0.4,1.3,0.08,-3.1,-1.0,-4.1,-0.4,,huntech01,2010
355,Reggie Williams,23,GSW,SF,24,10,782,16.1,0.588,0.325,0.219,2.5,13.3,7.8,12.7,1.4,0.5,8.5,18.6,1.5,0.3,1.7,0.105,1.2,-1.8,-0.6,0.3,,willire02,2010
356,Henry Walker,22,2TM,SF,35,13,768,14.6,0.649,0.5,0.211,2.2,11.0,6.5,8.3,1.5,0.3,9.9,16.6,1.6,0.3,1.9,0.121,0.4,-0.8,-0.5,0.3,,walkebi01,2010
357,Henry Walker,22,BOS,SF,8,0,29,7.6,0.581,0.0,0.333,0.0,20.6,10.6,15.6,0.0,0.0,22.5,14.4,0.0,0.0,0.0,0.062,-5.2,0.1,-5.0,0.0,,walkebi01,2010
358,Henry Walker,22,NYK,SG,27,13,739,14.9,0.651,0.513,0.208,2.3,10.6,6.4,8.0,1.6,0.3,9.5,16.7,1.6,0.3,1.9,0.123,0.6,-0.9,-0.3,0.3,,walkebi01,2010
359,Andris Biedriņš,23,GSW,C,33,29,763,13.0,0.561,0.0,0.182,9.1,29.0,18.9,10.1,1.3,4.1,17.8,10.1,0.7,0.9,1.6,0.101,-1.9,1.7,-0.2,0.4,,biedran01,2010
360,Devean George,32,GSW,SF,45,4,761,11.6,0.56,0.597,0.112,3.0,13.8,8.3,5.8,2.6,0.9,6.5,13.0,0.8,0.5,1.3,0.084,-0.9,0.1,-0.8,0.2,,georgde01,2010
361,Joey Graham,27,DEN,SF,63,18,759,10.6,0.568,0.064,0.361,6.0,12.7,9.3,4.5,1.5,0.7,15.5,16.2,0.5,0.6,1.1,0.072,-2.6,-0.3,-3.0,-0.2,,grahajo01,2010
362,James Johnson,22,CHI,PF,65,11,757,10.4,0.532,0.219,0.333,5.1,13.6,9.4,9.8,1.4,4.3,20.5,18.0,-0.3,1.1,0.8,0.054,-4.0,1.5,-2.4,-0.1,,johnsja01,2010
363,Anthony Randolph,20,GSW,C,33,8,749,18.7,0.521,0.016,0.44,10.7,21.4,16.0,8.5,1.8,4.9,11.7,23.9,0.7,0.8,1.5,0.098,-0.2,-0.3,-0.6,0.3,,randoan01,2010
364,Jawad Williams,26,CLE,PG,54,6,742,8.2,0.496,0.451,0.218,2.7,10.2,6.7,6.8,0.8,0.5,7.4,15.3,0.3,0.7,1.1,0.069,-3.1,-1.0,-4.1,-0.4,,willija04,2010
365,Travis Outlaw,25,2TM,SF,34,6,730,13.3,0.503,0.374,0.21,5.3,14.3,9.8,7.6,1.3,1.8,9.4,21.4,0.4,0.6,0.9,0.062,0.0,-0.9,-0.9,0.2,,outlatr01,2010
366,Travis Outlaw,25,POR,SF,11,0,231,14.8,0.489,0.307,0.238,6.9,13.5,10.2,5.9,1.7,2.8,9.7,25.4,0.1,0.3,0.3,0.071,0.7,-0.2,0.5,0.1,,outlatr01,2010
367,Travis Outlaw,25,LAC,SF,23,6,499,12.6,0.512,0.411,0.194,4.6,14.7,9.6,8.4,1.1,1.3,9.3,19.5,0.3,0.3,0.6,0.058,-0.3,-1.2,-1.5,0.1,,outlatr01,2010
368,Jeff Teague,21,ATL,PG,71,3,719,11.0,0.459,0.141,0.216,0.8,10.2,5.4,25.1,2.5,1.2,16.7,19.1,-0.2,0.8,0.6,0.042,-3.8,0.3,-3.6,-0.3,,teaguje01,2010
369,Jodie Meeks,22,2TM,SG,60,0,719,10.8,0.493,0.493,0.146,1.4,14.9,7.9,8.7,1.3,0.5,8.1,19.6,0.1,0.8,0.9,0.06,-1.5,-0.5,-2.1,0.0,,meeksjo01,2010
370,Jodie Meeks,22,MIL,SG,41,0,486,8.4,0.454,0.463,0.119,1.1,16.4,8.4,7.2,1.4,0.6,9.7,19.2,-0.4,0.7,0.3,0.029,-3.1,0.1,-3.0,-0.1,,meeksjo01,2010
371,Jodie Meeks,22,PHI,SG,19,0,233,15.8,0.566,0.549,0.198,2.0,11.8,6.8,12.0,1.1,0.3,4.8,20.3,0.5,0.1,0.6,0.124,1.9,-1.9,0.0,0.1,,meeksjo01,2010
372,Michael Finley,36,2TM,SF,46,7,709,9.0,0.53,0.446,0.082,1.0,10.7,6.0,9.2,0.7,0.6,9.9,13.8,0.3,0.7,1.0,0.066,-0.9,-0.4,-1.3,0.1,,finlemi01,2010
373,Michael Finley,36,SAS,SF,25,6,395,6.5,0.461,0.423,0.093,1.5,9.6,5.6,6.8,0.8,0.7,11.4,13.2,-0.2,0.4,0.2,0.026,-2.3,-0.2,-2.6,-0.1,,finlemi01,2010
374,Michael Finley,36,BOS,SF,21,1,314,12.1,0.608,0.471,0.069,0.4,12.2,6.4,12.2,0.7,0.5,8.2,14.6,0.4,0.3,0.8,0.115,0.8,-0.5,0.3,0.2,,finlemi01,2010
375,Dante Cunningham,22,POR,PF,63,2,707,14.3,0.517,0.009,0.224,9.4,18.7,14.0,3.3,1.9,2.5,6.0,16.8,0.9,1.0,1.9,0.129,-2.0,0.2,-1.8,0.0,,cunnida01,2010
376,Rodrigue Beaubois,21,DAL,PG,56,16,700,18.5,0.617,0.368,0.174,2.0,10.7,6.4,18.6,2.1,1.3,14.4,24.7,1.1,0.8,2.0,0.134,1.3,0.2,1.5,0.6,,beaubro01,2010
377,Daequan Cook,22,MIA,SG,45,3,691,7.5,0.422,0.498,0.099,1.5,12.3,7.0,9.8,1.1,1.2,8.3,19.6,-0.7,0.8,0.1,0.01,-2.9,-0.4,-3.3,-0.2,,cookda02,2010
378,Darko Miličić,24,2TM,C,32,18,685,12.8,0.497,0.005,0.137,7.5,17.3,12.3,10.7,1.6,3.7,13.9,16.0,0.1,0.6,0.7,0.05,-2.4,0.6,-1.7,0.1,,milicda01,2010
379,Darko Miličić,24,NYK,C,8,0,71,12.1,0.471,0.0,0.0,7.9,21.2,14.4,8.4,2.9,1.1,10.5,12.1,0.0,0.1,0.1,0.073,-2.2,0.4,-1.8,0.0,,milicda01,2010
380,Darko Miličić,24,MIN,C,24,18,614,12.9,0.499,0.005,0.15,7.5,16.9,12.1,11.0,1.5,4.0,14.2,16.4,0.1,0.5,0.6,0.048,-2.4,0.7,-1.7,0.0,,milicda01,2010
381,Eduardo Nájera,33,2TM,PF,46,5,685,8.4,0.501,0.438,0.164,5.7,13.7,9.6,6.5,2.0,1.5,13.8,12.2,0.1,0.8,0.8,0.058,-3.7,0.6,-3.1,-0.2,,najered01,2010
382,Eduardo Nájera,33,NJN,PF,13,2,204,7.0,0.42,0.321,0.226,6.5,15.4,10.7,12.0,2.3,0.7,17.1,15.8,-0.2,0.2,-0.1,-0.017,-5.5,0.5,-5.0,-0.2,,najered01,2010
383,Eduardo Nájera,33,DAL,PF,33,3,481,9.1,0.549,0.505,0.129,5.3,13.0,9.2,4.1,1.8,1.9,11.7,10.6,0.3,0.6,0.9,0.089,-3.0,0.7,-2.3,0.0,,najered01,2010
384,Joel Przybilla,30,POR,C,30,9,681,11.2,0.567,0.0,0.593,13.0,30.4,21.6,1.7,0.6,5.1,26.5,10.3,0.3,1.2,1.4,0.101,-2.9,1.6,-1.3,0.1,,przybjo01,2010
385,Solomon Jones,25,IND,C,52,2,675,9.9,0.499,0.017,0.403,8.2,15.1,11.6,7.3,1.0,3.9,16.2,16.1,0.0,0.8,0.8,0.058,-5.0,0.8,-4.2,-0.4,,jonesso01,2010
386,Tracy McGrady,30,2TM,SG,30,24,673,12.2,0.466,0.272,0.268,3.7,12.4,7.9,22.6,1.1,1.5,14.3,20.6,0.0,0.3,0.3,0.018,-0.8,-1.3,-2.2,0.0,,mcgratr01,2010
387,Tracy McGrady,30,HOU,SG,6,0,46,12.4,0.439,0.105,0.316,0.0,12.9,6.2,20.9,0.0,3.2,4.4,21.8,0.0,0.0,0.0,0.047,-0.2,-0.3,-0.5,0.0,,mcgratr01,2010
388,Tracy McGrady,30,NYK,SG,24,24,627,12.2,0.469,0.287,0.264,3.9,12.4,8.1,22.7,1.2,1.4,15.1,20.5,-0.1,0.3,0.2,0.016,-0.9,-1.4,-2.3,-0.1,,mcgratr01,2010
389,Kwame Brown,27,DET,C,48,1,660,7.9,0.47,0.008,0.79,9.1,24.3,16.2,5.1,1.2,1.5,20.5,14.7,-0.6,0.5,-0.1,-0.009,-5.0,-0.6,-5.6,-0.6,,brownkw01,2010
390,Sebastian Telfair,24,2TM,PG,43,1,659,10.3,0.479,0.279,0.184,0.9,7.1,4.0,29.9,1.9,0.6,18.7,18.4,-0.1,0.4,0.3,0.02,-3.4,-1.0,-4.4,-0.4,,telfase01,2010
391,Sebastian Telfair,24,LAC,PG,39,1,582,9.8,0.47,0.283,0.187,1.0,7.2,4.1,30.3,2.0,0.6,19.7,17.4,-0.1,0.3,0.2,0.015,-3.5,-0.8,-4.3,-0.3,,telfase01,2010
392,Sebastian Telfair,24,CLE,PG,4,0,77,14.0,0.518,0.257,0.171,0.0,5.9,3.1,27.1,1.4,0.0,13.7,26.4,0.0,0.1,0.1,0.065,-2.0,-2.7,-4.7,-0.1,,telfase01,2010
393,Jason Smith,23,PHI,PF,56,2,658,10.6,0.491,0.167,0.241,9.5,14.7,12.1,7.5,1.7,3.4,15.4,15.8,0.1,0.6,0.7,0.048,-3.9,-0.4,-4.3,-0.4,,smithja02,2010
394,Jon Brockman,22,SAC,PF,52,4,654,12.4,0.564,0.0,0.602,18.2,19.2,18.7,4.8,1.2,0.6,15.0,10.4,1.2,0.5,1.7,0.125,-1.8,-1.2,-3.0,-0.2,,brockjo01,2010
395,Fabricio Oberto,34,WAS,C,57,20,650,5.7,0.654,0.0,0.304,5.9,12.8,9.3,11.1,0.9,1.1,36.2,6.9,0.2,0.4,0.6,0.047,-5.3,0.8,-4.4,-0.4,,obertfa01,2010
396,Brandon Bass,24,ORL,PF,50,3,648,16.5,0.556,0.0,0.27,10.0,12.6,11.3,5.1,1.0,3.1,10.6,20.9,1.0,1.0,2.0,0.147,-0.7,0.1,-0.6,0.2,,bassbr01,2010
397,Chucky Atkins,35,DET,PG,40,11,644,8.3,0.477,0.465,0.172,0.9,4.8,2.7,21.6,1.4,0.0,15.9,14.4,0.2,0.1,0.2,0.017,-2.9,-1.4,-4.3,-0.4,,atkinch01,2010
398,Jordan Hill,22,2TM,PF,47,0,624,15.0,0.528,0.01,0.338,13.5,18.7,16.0,5.2,1.1,2.5,11.5,18.7,0.8,0.6,1.4,0.105,-2.1,-1.4,-3.5,-0.2,,hilljo01,2010
399,Jordan Hill,22,NYK,PF,24,0,252,14.0,0.479,0.022,0.228,14.2,13.3,13.8,4.5,2.0,2.7,10.6,20.3,0.1,0.2,0.3,0.059,-3.0,-1.6,-4.6,-0.2,,hilljo01,2010
400,Jordan Hill,22,HOU,PF,23,0,372,15.7,0.567,0.0,0.431,13.1,22.4,17.6,5.6,0.5,2.3,12.2,17.6,0.6,0.4,1.0,0.135,-1.4,-1.3,-2.7,-0.1,,hilljo01,2010
401,Shelden Williams,26,BOS,PF,54,0,597,14.1,0.612,0.008,0.81,9.9,19.8,15.0,5.3,1.1,2.8,15.5,15.3,1.1,0.9,2.0,0.162,-2.0,0.6,-1.4,0.1,,willish02,2010
402,Joe Smith,34,ATL,PF,64,1,592,11.2,0.453,0.036,0.249,12.9,18.1,15.5,5.3,0.5,2.4,9.3,18.4,0.3,0.6,0.9,0.077,-3.8,-1.6,-5.5,-0.5,,smithjo02,2010
403,Jamaal Tinsley,31,MEM,PG,38,1,589,7.8,0.438,0.279,0.193,2.2,10.9,6.5,25.4,2.9,0.6,29.3,16.0,-0.8,0.5,-0.3,-0.027,-4.5,0.2,-4.3,-0.3,,tinslja01,2010
404,Josh Powell,27,LAL,PF,63,0,581,6.7,0.407,0.082,0.16,8.5,13.7,11.2,9.0,0.8,0.8,13.7,18.6,-0.7,0.7,0.0,0.001,-5.2,-1.1,-6.3,-0.6,,poweljo01,2010
405,Sasha Vujačić,25,LAL,SG,67,1,575,11.4,0.518,0.494,0.201,4.9,10.4,7.7,10.5,1.8,0.5,8.7,15.2,0.7,0.7,1.4,0.12,-1.7,1.0,-0.7,0.2,,vujacsa01,2010
406,Francisco García,28,SAC,SG,25,4,575,12.4,0.55,0.335,0.097,2.2,11.1,6.6,12.1,0.9,2.4,10.3,15.7,0.6,0.3,1.0,0.081,0.1,0.2,0.3,0.3,,garcifr01,2010
407,Quinton Ross,28,2TM,SF,52,7,562,3.0,0.393,0.189,0.126,3.5,6.6,5.0,3.0,1.2,0.8,8.6,10.4,-0.4,0.3,-0.1,-0.008,-6.0,-0.4,-6.4,-0.6,,rossqu01,2010
408,Quinton Ross,28,DAL,SF,27,7,301,5.4,0.454,0.232,0.143,4.2,6.0,5.1,3.3,1.2,1.0,4.8,9.6,0.1,0.2,0.3,0.043,-4.3,0.0,-4.3,-0.2,,rossqu01,2010
409,Quinton Ross,28,WAS,SG,25,0,261,0.3,0.33,0.145,0.109,2.6,7.2,4.9,2.8,1.2,0.6,12.2,11.4,-0.5,0.1,-0.4,-0.067,-8.1,-0.8,-8.9,-0.5,,rossqu01,2010
410,Derrick Brown,22,CHA,SF,57,0,535,12.6,0.52,0.048,0.49,7.1,10.4,8.8,6.0,2.1,1.5,9.6,17.2,0.5,0.8,1.3,0.114,-1.7,1.1,-0.6,0.2,,brownde04,2010
411,Josh McRoberts,22,IND,C,42,3,524,14.8,0.55,0.158,0.26,8.3,18.2,13.2,13.5,1.6,2.2,10.5,15.3,0.8,0.7,1.5,0.134,-1.1,0.9,-0.2,0.2,,mcrobjo01,2010
412,Bobby Brown,25,2TM,PG,45,0,519,9.3,0.441,0.414,0.063,2.0,6.6,4.3,27.5,1.5,0.1,15.9,25.4,-0.7,0.2,-0.5,-0.05,-2.7,-2.6,-5.3,-0.4,,brownbo02,2010
413,Bobby Brown,25,NOH,PG,22,0,328,10.0,0.466,0.434,0.053,0.4,6.2,3.2,22.7,1.4,0.2,13.4,25.0,-0.3,0.1,-0.2,-0.026,-2.6,-2.2,-4.8,-0.2,,brownbo02,2010
414,Bobby Brown,25,LAC,PG,23,0,191,8.2,0.397,0.376,0.082,4.8,7.3,6.1,35.7,1.6,0.0,20.0,26.1,-0.4,0.1,-0.4,-0.092,-2.8,-3.4,-6.2,-0.2,,brownbo02,2010
415,Tyler Hansbrough,24,IND,PF,29,1,511,14.6,0.448,0.018,0.502,12.7,16.8,14.7,9.0,1.6,1.1,7.1,25.5,0.1,0.6,0.7,0.07,-2.2,-1.2,-3.3,-0.2,,hansbty01,2010
416,James Jones,29,MIA,SF,36,6,503,8.8,0.556,0.756,0.235,0.9,9.5,5.3,5.1,1.2,0.6,7.7,13.3,0.5,0.5,1.0,0.099,-1.4,0.2,-1.2,0.1,,jonesja02,2010
417,Greg Oden,22,POR,C,21,21,502,23.1,0.647,0.0,0.421,15.6,28.3,21.9,6.7,0.9,7.7,17.8,20.7,1.3,1.0,2.2,0.214,0.9,2.6,3.5,0.7,,odengr01,2010
418,Ricky Davis,30,LAC,SF,36,2,499,8.5,0.504,0.294,0.217,2.3,11.0,6.6,12.3,1.1,0.4,15.6,16.8,-0.1,0.2,0.1,0.005,-3.0,-0.9,-4.0,-0.2,,davisri01,2010
419,Michael Redd,30,MIL,SG,18,12,492,12.1,0.444,0.282,0.31,2.4,10.4,6.2,13.0,2.0,0.3,5.8,23.7,-0.1,0.7,0.6,0.059,-0.9,1.0,0.1,0.2,,reddmi01,2010
420,Brian Scalabrine,31,BOS,PF,52,3,472,3.6,0.445,0.576,0.071,2.4,9.9,6.2,8.1,1.0,0.7,16.2,10.4,-0.3,0.5,0.2,0.019,-4.4,0.1,-4.3,-0.3,,scalabr01,2010
421,Mardy Collins,25,LAC,SG,43,0,470,5.7,0.404,0.133,0.164,3.2,9.2,6.2,14.1,2.5,0.2,18.9,16.3,-0.8,0.3,-0.5,-0.049,-6.3,0.5,-5.8,-0.4,,collima01,2010
422,Darrell Arthur,21,MEM,PF,32,1,457,10.5,0.449,0.007,0.205,9.4,18.7,14.0,4.9,1.6,2.3,12.1,17.4,-0.1,0.4,0.3,0.031,-3.7,-0.4,-4.1,-0.2,,arthuda01,2010
423,Malik Allen,31,DEN,PF,51,3,456,5.9,0.431,0.052,0.112,9.2,11.5,10.4,5.1,1.2,0.8,15.3,14.0,-0.3,0.3,0.1,0.009,-4.7,-1.0,-5.7,-0.4,,allenma01,2010
424,Oleksiy Pecherov,24,MIN,C,44,5,447,12.0,0.487,0.277,0.17,7.9,23.4,15.5,4.0,1.0,2.4,13.7,22.8,-0.3,0.4,0.1,0.01,-2.7,-1.6,-4.2,-0.3,,pecheol01,2010
425,Chris Wilcox,27,DET,PF,34,10,441,12.0,0.532,0.0,0.433,11.4,21.4,16.1,4.9,1.6,2.3,21.0,18.9,-0.2,0.4,0.2,0.022,-3.4,-0.4,-3.8,-0.2,,wilcoch01,2010
426,Johan Petro,24,DEN,C,36,16,436,10.7,0.553,0.01,0.208,8.5,25.4,17.1,4.8,1.2,2.2,17.3,13.6,0.2,0.6,0.8,0.089,-3.9,0.2,-3.6,-0.2,,petrojo01,2010
427,Rasho Nesterović,33,TOR,C,42,8,413,16.0,0.539,0.0,0.034,10.9,14.5,12.7,9.9,1.2,3.2,9.6,18.5,0.6,0.2,0.8,0.089,-0.2,-1.0,-1.2,0.1,,nestera01,2010
428,Nathan Jawai,23,MIN,C,39,2,412,11.0,0.485,0.009,0.342,13.1,15.2,14.1,8.7,1.2,1.6,17.5,16.3,0.0,0.2,0.3,0.031,-3.0,-0.8,-3.8,-0.2,,jawaina01,2010
429,Kyrylo Fesenko,23,UTA,C,49,5,408,9.7,0.533,0.011,0.6,9.8,16.1,13.1,5.3,0.8,3.7,16.7,15.8,0.1,0.5,0.6,0.07,-4.7,0.2,-4.4,-0.3,,fesenky01,2010
430,Anthony Johnson,35,ORL,PG,31,0,406,12.4,0.543,0.351,0.18,2.4,11.0,6.8,24.2,1.4,0.2,17.8,16.7,0.5,0.5,1.0,0.116,-0.7,0.7,0.0,0.2,,johnsan02,2010
431,Mikki Moore,34,GSW,C,23,20,406,11.2,0.606,0.0,0.122,7.0,12.0,9.5,12.5,0.6,2.3,18.1,12.2,0.5,0.1,0.6,0.071,-1.6,-0.3,-1.9,0.0,,mooremi01,2010
432,DaJuan Summers,22,DET,SF,44,0,405,7.5,0.457,0.323,0.292,3.9,9.9,6.7,6.3,1.1,1.5,9.8,18.5,-0.1,0.1,0.0,0.002,-3.4,-1.8,-5.2,-0.3,,summeda01,2010
433,Jeff Ayres,22,POR,C,39,4,405,12.1,0.705,0.0,0.308,7.6,22.5,15.0,0.4,0.9,3.2,14.0,10.1,0.8,0.6,1.3,0.156,-3.4,0.4,-3.0,-0.1,,pendeje02,2010
434,Bobby Simmons,29,NJN,PF,23,2,395,8.0,0.485,0.538,0.171,3.1,15.9,9.2,6.3,2.0,0.6,13.1,16.8,-0.2,0.3,0.1,0.014,-3.6,0.0,-3.6,-0.2,,simmobo01,2010
435,Cartier Martin,25,2TM,SF,18,2,390,9.0,0.473,0.36,0.221,7.1,12.6,9.8,6.2,1.4,0.2,11.3,18.8,-0.1,0.2,0.1,0.011,-2.9,-1.5,-4.4,-0.2,,martica01,2010
436,Cartier Martin,25,GSW,SF,10,2,276,7.3,0.463,0.352,0.239,6.8,12.3,9.5,4.5,1.4,0.0,11.8,17.1,-0.1,0.1,-0.1,-0.01,-3.7,-1.5,-5.3,-0.2,,martica01,2010
437,Cartier Martin,25,WAS,SF,8,0,114,13.2,0.491,0.375,0.188,8.0,13.3,10.6,10.2,1.4,0.7,10.4,23.0,0.1,0.1,0.1,0.061,-0.8,-1.5,-2.3,0.0,,martica01,2010
438,Earl Clark,22,PHO,PF,51,0,383,8.5,0.42,0.033,0.238,5.6,12.3,9.1,7.8,0.9,2.4,12.1,21.9,-0.5,0.2,-0.3,-0.033,-3.9,-1.6,-5.5,-0.3,,clarkea01,2010
439,Steve Novak,26,LAC,SF,54,0,362,8.3,0.505,0.657,0.083,0.3,10.3,5.3,2.6,1.0,0.4,1.8,14.2,0.2,0.1,0.3,0.043,-2.4,-1.3,-3.7,-0.2,,novakst01,2010
440,Jamaal Magloire,31,MIA,C,36,0,359,9.4,0.47,0.0,1.054,13.5,26.0,19.8,0.4,1.3,2.5,17.2,13.0,-0.1,0.7,0.6,0.078,-5.2,-0.3,-5.5,-0.3,,magloja01,2010
441,D.J. Mbenga,29,LAL,C,49,2,355,11.6,0.471,0.0,0.184,10.2,17.2,13.7,3.4,0.7,6.2,11.9,16.0,0.0,0.6,0.6,0.084,-4.9,0.8,-4.1,-0.2,,mbengdj01,2010
442,Gerald Henderson,22,CHA,SG,43,0,355,9.7,0.453,0.183,0.452,5.2,13.3,9.3,6.0,1.5,2.1,10.1,18.2,-0.1,0.5,0.4,0.056,-3.1,0.5,-2.5,0.0,,hendege02,2010
443,Hilton Armstrong,25,3TM,C,33,0,335,6.9,0.381,0.013,0.405,9.2,19.2,14.1,8.8,2.3,2.7,19.1,15.5,-0.5,0.4,-0.1,-0.017,-6.7,0.5,-6.1,-0.4,,armsthi01,2010
444,Hilton Armstrong,25,NOH,PF,18,0,239,7.5,0.409,0.0,0.56,8.2,22.0,15.0,9.3,1.7,2.5,17.3,14.4,-0.2,0.3,0.1,0.01,-6.4,0.6,-5.8,-0.2,,armsthi01,2010
445,Hilton Armstrong,25,SAC,C,6,0,56,8.4,0.388,0.0,0.167,10.1,18.6,14.3,5.0,1.8,5.2,23.7,13.3,-0.1,0.1,0.0,-0.012,-4.0,1.0,-3.0,0.0,,armsthi01,2010
446,Hilton Armstrong,25,HOU,C,9,0,40,1.1,0.28,0.059,0.118,13.8,3.0,8.6,11.5,6.4,0.0,21.9,25.3,-0.2,0.1,-0.2,-0.185,-12.0,-0.6,-12.6,-0.1,,armsthi01,2010
447,Garrett Temple,23,3TM,SG,27,4,334,10.5,0.553,0.366,0.495,2.1,8.8,5.4,9.6,2.0,1.3,18.0,20.3,0.0,0.4,0.4,0.057,-3.4,0.4,-2.9,-0.1,,templga01,2010
448,Garrett Temple,23,HOU,SG,9,0,118,8.6,0.569,0.414,0.828,1.9,12.1,6.8,8.9,1.7,2.5,26.1,20.1,-0.1,0.1,0.0,0.004,-5.2,-0.3,-5.5,-0.1,,templga01,2010
449,Garrett Temple,23,SAC,SG,5,0,23,15.4,0.539,0.25,0.625,4.9,10.1,7.5,13.2,2.2,0.0,16.4,23.5,0.0,0.0,0.0,0.078,0.0,0.5,0.5,0.0,,templga01,2010
450,Garrett Temple,23,SAS,SG,13,4,193,11.1,0.546,0.359,0.328,1.9,6.6,4.3,9.5,2.2,0.7,13.1,20.0,0.1,0.2,0.3,0.086,-2.7,0.9,-1.8,0.0,,templga01,2010
451,Sean May,25,SAC,C,37,4,331,11.7,0.492,0.036,0.288,6.8,17.5,12.1,8.1,1.9,1.5,13.2,19.3,0.0,0.3,0.3,0.044,-3.3,0.2,-3.1,-0.1,,mayse01,2010
452,Royal Ivey,28,2TM,SG,44,0,326,11.0,0.527,0.422,0.145,2.1,10.3,6.1,12.4,3.1,0.5,11.1,13.8,0.2,0.3,0.6,0.086,-2.3,1.6,-0.7,0.1,,iveyro01,2010
453,Royal Ivey,28,PHI,SG,26,0,236,12.6,0.603,0.436,0.127,2.5,10.7,6.5,10.8,2.2,0.7,7.9,12.2,0.4,0.1,0.6,0.117,-0.3,0.6,0.3,0.1,,iveyro01,2010
454,Royal Ivey,28,MIL,SG,18,0,90,6.8,0.381,0.393,0.179,1.2,9.3,5.0,16.8,5.2,0.0,16.6,18.2,-0.2,0.2,0.0,0.003,-7.4,4.2,-3.3,0.0,,iveyro01,2010
455,Etan Thomas,31,OKC,C,23,1,321,6.9,0.483,0.0,0.324,6.6,16.0,11.4,0.5,0.6,3.7,18.8,13.4,-0.2,0.4,0.2,0.028,-5.3,0.3,-5.0,-0.2,,thomaet01,2010
456,Malik Hairston,22,SAS,SG,47,0,317,11.6,0.555,0.145,0.395,4.9,13.1,9.1,7.5,0.7,2.0,11.0,14.5,0.3,0.4,0.7,0.107,-2.2,0.3,-1.9,0.0,,hairsma01,2010
457,Dan Gadzuric,31,MIL,C,32,6,314,10.5,0.44,0.0,0.281,13.1,20.5,16.6,6.0,1.5,3.3,13.0,16.6,-0.1,0.6,0.5,0.077,-5.2,0.7,-4.5,-0.2,,gadzuda01,2010
458,Kenny Thomas,32,SAC,PF,26,2,313,9.0,0.509,0.0,0.343,12.6,18.9,15.7,6.5,1.6,2.3,29.7,8.1,0.1,0.3,0.4,0.059,-3.4,0.7,-2.7,-0.1,,thomake01,2010
459,Reggie Evans,29,TOR,PF,28,1,311,11.4,0.498,0.0,0.87,11.7,27.7,19.9,3.7,2.3,1.0,18.7,17.2,-0.1,0.3,0.2,0.033,-3.5,-1.1,-4.6,-0.2,,evansre01,2010
460,Aaron Gray,25,2TM,C,32,0,311,16.6,0.551,0.0,0.341,16.7,23.1,19.8,10.6,1.5,2.7,16.0,16.4,0.5,0.4,0.9,0.142,-1.1,-0.2,-1.3,0.1,,grayaa01,2010
461,Aaron Gray,25,CHI,C,8,0,50,7.0,0.374,0.0,0.333,11.3,24.1,17.8,6.5,0.0,0.0,4.0,22.5,-0.1,0.1,0.0,-0.013,-5.5,-3.2,-8.7,-0.1,,grayaa01,2010
462,Aaron Gray,25,NOH,C,24,0,261,18.4,0.612,0.0,0.344,17.7,22.9,20.2,11.4,1.8,3.2,19.5,15.3,0.6,0.3,0.9,0.172,-0.3,0.4,0.1,0.1,,grayaa01,2010
463,Dominic McGuire,24,2TM,SF,51,2,307,3.8,0.345,0.0,0.135,8.5,21.3,14.8,5.1,0.8,1.0,23.6,10.6,-0.5,0.3,-0.2,-0.038,-5.7,-0.5,-6.2,-0.3,,mcguido01,2010
464,Dominic McGuire,24,WAS,SF,41,0,240,4.2,0.355,0.0,0.125,8.0,21.4,14.6,4.8,0.9,1.0,19.2,9.9,-0.3,0.2,-0.1,-0.015,-5.6,-0.3,-5.9,-0.2,,mcguido01,2010
465,Dominic McGuire,24,SAC,SF,10,2,67,2.4,0.311,0.0,0.167,10.1,20.8,15.4,6.1,0.8,1.1,35.2,13.1,-0.2,0.0,-0.2,-0.122,-6.1,-1.3,-7.4,-0.1,,mcguido01,2010
466,Jermaine Taylor,23,HOU,SG,31,4,303,11.4,0.46,0.185,0.387,7.7,9.8,8.7,8.4,1.7,0.7,12.0,23.1,-0.1,0.2,0.1,0.015,-1.8,-2.1,-3.9,-0.2,,tayloje02,2010
467,Jonathan Bender,29,NYK,SF,25,1,292,10.8,0.529,0.39,0.26,5.7,14.7,10.1,8.4,0.3,4.3,20.1,21.6,-0.2,0.2,0.0,-0.001,-3.3,-0.8,-4.1,-0.2,,bendejo01,2010
468,Tim Thomas,32,DAL,SF,18,1,285,15.1,0.579,0.406,0.226,5.3,11.1,8.2,8.0,1.8,0.5,10.7,21.1,0.4,0.3,0.7,0.12,0.2,-0.5,-0.4,0.1,,thomati01,2010
469,Luke Walton,29,LAL,SF,29,0,272,9.7,0.402,0.202,0.048,5.0,10.6,7.8,21.5,1.9,0.3,12.3,16.1,-0.1,0.4,0.3,0.047,-2.8,0.5,-2.3,0.0,,waltolu01,2010
470,Brian Cardinal,32,MIN,PF,29,0,267,6.9,0.546,0.25,0.5,2.9,9.4,6.1,12.3,1.7,0.8,13.7,8.3,0.3,0.1,0.4,0.071,-5.3,0.9,-4.4,-0.2,,cardibr01,2010
471,Kevin Ollie,37,OKC,PG,25,0,263,7.0,0.453,0.022,0.178,1.3,9.3,5.5,10.8,1.8,0.0,11.0,9.3,0.0,0.3,0.3,0.059,-4.0,1.7,-2.4,0.0,,ollieke01,2010
472,DeSagana Diop,28,CHA,C,27,0,262,7.8,0.485,0.0,0.31,11.2,18.5,15.0,2.9,1.0,4.4,26.7,8.0,-0.1,0.5,0.4,0.072,-3.6,1.5,-2.1,0.0,,diopde01,2010
473,Jarron Collins,31,PHO,C,34,10,261,3.7,0.405,0.0,0.806,10.1,16.4,13.4,2.9,0.4,0.8,19.2,8.8,-0.1,0.1,0.1,0.01,-5.4,-1.3,-6.7,-0.3,,collija03,2010
474,Jeff Foster,33,IND,C,16,3,255,9.6,0.49,0.022,0.196,14.4,20.3,17.3,12.1,0.6,1.1,21.9,11.1,0.2,0.3,0.4,0.085,-3.4,0.2,-3.2,-0.1,,fosteje01,2010
475,Marcus Banks,28,TOR,PG,22,0,244,15.3,0.635,0.329,0.397,1.5,9.4,5.6,16.4,2.5,0.6,18.9,19.8,0.4,0.1,0.5,0.095,-0.4,0.1,-0.3,0.1,,banksma01,2010
476,Adam Morrison,25,LAL,SF,31,0,241,7.4,0.418,0.247,0.094,4.7,10.1,7.4,11.3,0.6,0.6,10.2,18.3,-0.2,0.2,0.0,0.009,-3.6,-1.1,-4.7,-0.2,,morriad01,2010
477,Hamed Haddadi,24,MEM,C,36,0,240,7.2,0.441,0.048,0.306,12.6,23.9,18.2,5.9,0.2,4.4,22.1,16.5,-0.2,0.2,0.0,-0.002,-7.0,-0.2,-7.2,-0.3,,haddaha01,2010
478,J.R. Giddens,24,2TM,SF,32,1,239,9.2,0.492,0.167,0.383,7.7,17.2,12.5,8.2,1.9,0.6,19.5,16.7,-0.1,0.3,0.1,0.021,-4.5,-0.3,-4.7,-0.2,,giddejr01,2010
479,J.R. Giddens,24,BOS,SF,21,1,99,7.3,0.457,0.095,0.571,5.1,19.3,12.4,8.9,2.1,0.8,21.0,15.8,-0.1,0.2,0.0,0.015,-5.4,0.9,-4.5,-0.1,,giddejr01,2010
480,J.R. Giddens,24,NYK,SF,11,0,140,10.5,0.513,0.205,0.282,9.6,15.7,12.6,7.7,1.8,0.5,18.6,17.4,0.0,0.1,0.1,0.026,-3.8,-1.1,-4.9,-0.1,,giddejr01,2010
481,Leon Powe,26,CLE,SF,20,2,236,10.2,0.515,0.0,1.286,10.1,20.2,15.4,0.0,1.3,0.7,12.5,17.3,0.1,0.3,0.5,0.097,-4.6,-1.1,-5.8,-0.2,,powele01,2010
482,Acie Law,25,3TM,PG,26,1,234,16.0,0.585,0.213,0.653,1.4,6.6,4.1,17.5,2.3,0.4,15.0,21.7,0.3,0.2,0.6,0.115,-0.6,-0.4,-1.0,0.1,,lawac01,2010
483,Acie Law,25,GSW,PG,5,0,66,21.3,0.752,0.214,1.071,0.0,3.4,1.7,15.0,4.3,0.0,8.8,14.7,0.3,0.0,0.3,0.236,1.4,1.4,2.7,0.1,,lawac01,2010
484,Acie Law,25,CHA,PG,9,0,33,7.5,0.419,0.063,0.438,0.0,3.6,1.8,16.0,1.6,2.5,13.6,31.1,-0.1,0.0,0.0,-0.066,-7.2,-1.3,-8.5,-0.1,,lawac01,2010
485,Acie Law,25,CHI,PG,12,1,135,15.4,0.58,0.267,0.6,2.5,8.9,5.8,19.2,1.5,0.0,17.4,22.9,0.2,0.1,0.3,0.101,0.0,-1.0,-1.0,0.0,,lawac01,2010
486,Earl Barron,28,NYK,C,7,6,232,14.7,0.508,0.0,0.426,14.9,22.9,18.9,5.2,0.9,1.3,12.0,17.9,0.3,0.2,0.4,0.091,-1.5,-2.9,-4.5,-0.1,,barroea01,2010
487,Kelenna Azubuike,26,GSW,SF,9,7,231,19.8,0.623,0.307,0.318,5.7,14.2,9.9,6.8,1.0,2.8,6.5,19.9,0.6,0.1,0.7,0.148,3.3,-1.1,2.1,0.2,,azubuke01,2010
488,Sean Williams,23,NJN,PF,20,0,227,7.0,0.453,0.02,0.388,10.2,13.3,11.7,0.7,1.9,6.2,25.9,15.6,-0.4,0.3,-0.2,-0.036,-7.8,0.6,-7.2,-0.3,,willise01,2010
489,Chris Richard,25,CHI,PF,18,0,224,6.5,0.547,0.0,0.379,9.6,19.6,14.7,4.4,1.8,1.4,29.3,9.6,0.0,0.4,0.3,0.067,-6.8,1.0,-5.8,-0.2,,richach01,2010
490,Chris Quinn,26,NJN,PG,25,0,223,9.3,0.477,0.571,0.107,0.5,8.1,4.1,20.9,2.1,0.3,14.6,14.1,0.0,0.1,0.1,0.025,-2.6,0.1,-2.5,0.0,,quinnch01,2010
491,Sundiata Gaines,23,UTA,PG,32,0,217,17.3,0.518,0.317,0.561,3.4,12.2,7.9,28.0,2.8,0.0,12.0,24.0,0.3,0.3,0.5,0.121,0.6,0.5,1.1,0.2,,gainesu01,2010
492,Alonzo Gee,22,WAS,SG,11,2,182,16.2,0.564,0.153,0.492,9.3,11.6,10.4,6.4,2.0,0.4,12.2,20.4,0.3,0.1,0.4,0.108,1.7,-0.1,1.6,0.2,,geeal01,2010
493,Raja Bell,33,2TM,SG,6,5,180,13.8,0.57,0.443,0.049,3.4,11.8,7.6,12.3,1.2,0.9,7.4,17.3,0.3,0.2,0.5,0.131,1.5,1.8,3.3,0.2,,bellra01,2010
494,Raja Bell,33,CHA,SG,5,5,157,12.8,0.533,0.436,0.055,3.9,12.1,8.1,11.3,1.4,1.0,8.2,18.2,0.2,0.2,0.4,0.113,0.5,2.0,2.5,0.2,,bellra01,2010
495,Raja Bell,33,GSW,SG,1,0,23,20.6,0.917,0.5,0.0,0.0,9.8,4.8,19.5,0.0,0.0,0.0,11.2,0.1,0.0,0.1,0.256,8.0,0.7,8.7,0.1,,bellra01,2010
496,Kosta Koufos,20,UTA,C,36,0,172,7.7,0.494,0.0,0.319,11.3,19.4,15.5,5.1,0.6,1.9,21.9,17.9,-0.2,0.2,0.0,0.014,-5.3,-1.2,-6.5,-0.2,,koufoko01,2010
497,Ian Mahinmi,23,SAS,C,26,0,165,21.6,0.667,0.0,0.855,9.4,27.2,18.5,2.1,1.0,3.5,16.5,25.2,0.4,0.3,0.7,0.206,-1.5,0.7,-0.8,0.1,,mahinia01,2010
498,Steven Hunter,28,MEM,C,21,0,158,11.6,0.45,0.0,0.837,13.3,17.8,15.5,0.0,0.3,4.8,13.3,18.8,-0.1,0.1,0.1,0.018,-2.5,-2.3,-4.8,-0.1,,huntest01,2010
499,Kyle Weaver,23,OKC,SG,12,0,144,10.7,0.505,0.576,0.182,0.8,13.2,7.2,11.1,2.1,3.1,10.1,12.4,0.1,0.2,0.3,0.106,-1.4,2.2,0.8,0.1,,weaveky01,2010
500,Mario West,25,ATL,SG,39,1,142,9.9,0.591,0.048,0.476,6.5,15.8,11.1,8.8,3.0,0.0,21.6,10.5,0.1,0.2,0.3,0.106,-4.5,2.4,-2.1,0.0,,westma02,2010
501,Tony Battie,33,NJN,C,15,0,134,6.1,0.405,0.1,0.25,3.3,17.1,9.9,3.7,1.6,1.1,6.3,16.2,-0.1,0.1,0.0,-0.014,-6.2,-1.8,-8.0,-0.2,,battito01,2010
502,Lester Hudson,25,2TM,PG,25,0,131,13.2,0.494,0.302,0.245,6.4,9.9,8.2,15.7,3.2,1.8,19.3,25.0,-0.1,0.2,0.1,0.029,-2.4,0.5,-2.0,0.0,,hudsole01,2010
503,Lester Hudson,25,BOS,PG,16,0,70,8.7,0.533,0.278,0.333,5.4,8.5,7.0,17.1,2.2,2.3,30.4,19.9,-0.1,0.1,0.0,0.003,-3.7,0.4,-3.3,0.0,,hudsole01,2010
504,Lester Hudson,25,MEM,PG,9,0,61,18.3,0.473,0.314,0.2,7.6,11.5,9.6,14.1,4.2,1.2,11.6,30.9,0.0,0.1,0.1,0.06,-1.0,0.6,-0.4,0.0,,hudsole01,2010
505,Randolph Morris,24,ATL,PF,28,0,124,14.6,0.586,0.0,0.659,9.3,26.6,17.9,2.6,2.1,1.8,18.5,24.1,0.1,0.2,0.3,0.108,-5.9,-0.1,-6.0,-0.1,,morrira01,2010
506,Brian Skinner,33,LAC,PF,16,1,123,5.5,0.456,0.0,0.32,8.4,17.1,12.7,0.0,1.3,2.4,19.7,13.1,-0.1,0.1,0.0,-0.006,-6.5,-0.6,-7.2,-0.2,,skinnbr01,2010
507,Darnell Jackson,24,2TM,PF,28,0,123,-0.1,0.352,0.133,0.2,9.0,12.0,10.6,4.6,0.9,2.5,28.5,17.2,-0.4,0.2,-0.3,-0.104,-9.9,-1.9,-11.8,-0.3,,jacksda01,2010
508,Darnell Jackson,24,CLE,PF,27,0,114,0.4,0.38,0.12,0.24,8.8,11.9,10.4,4.9,0.9,2.7,32.0,16.6,-0.4,0.1,-0.2,-0.094,-9.3,-1.2,-10.5,-0.2,,jacksda01,2010
509,Darnell Jackson,24,MIL,PF,1,0,9,-6.3,0.2,0.2,0.0,12.0,13.3,12.6,0.0,0.0,0.0,0.0,25.2,-0.1,0.0,0.0,-0.227,-17.6,-10.3,-27.9,-0.1,,jacksda01,2010
510,Lindsey Hunter,39,CHI,PG,13,0,122,-2.2,0.21,0.433,0.067,0.9,11.7,6.4,10.1,0.4,0.0,11.5,12.8,-0.4,0.1,-0.3,-0.117,-9.7,-2.4,-12.0,-0.3,,hunteli01,2010
511,Matt Carroll,29,DAL,SG,25,0,121,7.1,0.437,0.38,0.12,3.8,7.5,5.7,7.7,2.1,0.0,11.7,22.7,-0.2,0.1,-0.1,-0.029,-6.1,-1.5,-7.6,-0.2,,carroma01,2010
512,Pops Mensah-Bonsu,26,2TM,PF,20,0,120,11.4,0.448,0.0,0.727,16.1,18.3,17.2,3.6,1.7,5.7,18.7,20.3,-0.1,0.1,0.0,0.006,-4.2,-0.9,-5.1,-0.1,,mensapo01,2010
513,Pops Mensah-Bonsu,26,HOU,PF,4,0,13,15.2,0.377,0.0,1.5,8.5,27.5,17.6,11.0,3.9,5.6,0.0,22.6,0.0,0.0,0.0,0.108,-3.4,4.2,0.9,0.0,,mensapo01,2010
514,Pops Mensah-Bonsu,26,TOR,PF,16,0,107,11.0,0.46,0.0,0.621,17.0,17.2,17.1,2.7,1.4,5.7,21.3,20.0,-0.1,0.1,0.0,-0.006,-4.3,-1.5,-5.8,-0.1,,mensapo01,2010
515,Jason Collins,31,ATL,C,24,0,115,0.9,0.335,0.043,0.087,5.0,9.2,7.1,4.8,1.4,1.3,17.3,11.6,-0.2,0.1,-0.1,-0.044,-8.3,-0.5,-8.8,-0.2,,collija04,2010
516,Danny Green,22,CLE,SG,20,0,115,12.3,0.48,0.564,0.154,8.7,8.9,8.8,6.7,2.7,2.0,10.7,18.9,0.0,0.2,0.2,0.083,-0.9,0.7,-0.2,0.1,,greenda02,2010
517,Coby Karl,26,2TM,SG,7,1,113,5.1,0.404,0.344,0.188,3.9,14.0,8.9,17.9,1.3,0.6,22.4,17.0,-0.2,0.0,-0.2,-0.076,-5.0,-0.7,-5.7,-0.1,,karlco01,2010
518,Coby Karl,26,CLE,SG,3,0,5,-38.1,,,,0.0,45.4,23.8,0.0,0.0,0.0,100.0,37.3,-0.1,0.0,-0.1,-1.112,-31.0,-9.4,-40.3,-0.1,,karlco01,2010
519,Coby Karl,26,GSW,SF,4,1,108,7.1,0.404,0.344,0.188,4.1,12.5,8.2,18.7,1.3,0.7,14.8,16.1,-0.1,0.0,-0.1,-0.028,-3.8,-0.3,-4.1,-0.1,,karlco01,2010
520,Marcus Landry,24,2TM,SF,18,0,111,7.2,0.487,0.651,0.116,5.0,14.6,9.7,0.0,0.5,1.3,11.7,20.9,-0.1,0.0,-0.1,-0.034,-4.0,-3.5,-7.5,-0.1,,landrma01,2010
521,Marcus Landry,24,NYK,SF,17,0,108,8.1,0.509,0.634,0.122,5.2,15.0,10.0,0.0,0.5,1.4,12.2,20.6,-0.1,0.0,0.0,-0.015,-3.5,-3.2,-6.7,-0.1,,landrma01,2010
522,Marcus Landry,24,BOS,SF,1,0,3,-26.8,0.0,1.0,0.0,0.0,0.0,0.0,0.0,0.0,0.0,0.0,31.3,0.0,0.0,0.0,-0.738,-21.4,-13.3,-34.7,0.0,,landrma01,2010
523,Joey Dorsey,26,2TM,PF,15,0,106,9.8,0.455,0.0,0.6,16.8,29.9,23.2,2.8,1.4,1.4,19.2,13.1,0.0,0.1,0.1,0.062,-5.1,-0.1,-5.2,-0.1,,dorsejo01,2010
524,Joey Dorsey,26,HOU,PF,7,0,54,11.5,0.463,0.0,0.182,22.5,30.8,26.5,5.4,1.9,1.3,25.2,13.0,0.0,0.1,0.1,0.088,-4.6,0.4,-4.1,0.0,,dorsejo01,2010
525,Joey Dorsey,26,SAC,PF,8,0,52,7.9,0.448,0.0,1.111,10.9,29.0,19.8,0.0,1.0,1.4,13.0,13.1,0.0,0.1,0.0,0.035,-5.7,-0.7,-6.4,-0.1,,dorsejo01,2010
526,D.J. White,23,OKC,PF,12,0,102,25.9,0.65,0.0,0.244,11.6,14.2,12.9,7.4,2.5,2.2,6.2,21.3,0.4,0.2,0.6,0.276,4.4,2.0,6.4,0.2,,whitedj01,2010
527,Roko Ukić,25,MIL,PG,13,0,97,12.2,0.574,0.4,0.367,0.0,3.7,1.8,20.0,0.5,0.0,14.7,19.1,0.1,0.1,0.2,0.101,-1.1,-0.7,-1.8,0.0,,ukicro01,2010
528,Mike Harris,26,2TM,PF,13,0,96,7.2,0.416,0.033,0.367,11.5,17.3,14.3,4.8,2.7,0.8,20.5,20.2,-0.2,0.1,-0.1,-0.037,-6.5,-1.3,-7.9,-0.1,,harrimi01,2010
529,Mike Harris,26,HOU,PF,8,0,82,6.4,0.404,0.037,0.333,12.1,16.0,14.0,5.6,2.5,0.9,22.5,21.6,-0.2,0.1,-0.1,-0.073,-6.8,-2.0,-8.8,-0.1,,harrimi01,2010
530,Mike Harris,26,WAS,PF,5,0,14,11.9,0.515,0.0,0.667,8.1,25.0,16.4,0.0,3.7,0.0,0.0,12.6,0.0,0.0,0.1,0.179,-4.7,2.3,-2.4,0.0,,harrimi01,2010
531,Alando Tucker,25,2TM,SF,15,0,96,13.4,0.529,0.179,0.538,7.4,4.6,5.9,6.4,0.0,0.0,9.4,24.4,0.1,0.0,0.1,0.061,-0.1,-3.9,-4.0,0.0,,tuckeal02,2010
532,Alando Tucker,25,PHO,SF,11,0,71,15.7,0.548,0.233,0.7,8.4,3.0,5.6,6.4,0.0,0.0,9.3,26.9,0.2,0.0,0.1,0.099,1.3,-3.4,-2.1,0.0,,tuckeal02,2010
533,Alando Tucker,25,MIN,SF,4,0,25,6.9,0.444,0.0,0.0,4.4,9.1,6.7,6.4,0.0,0.0,10.0,17.4,0.0,0.0,0.0,-0.047,-4.1,-5.4,-9.5,0.0,,tuckeal02,2010
534,Primož Brezec,30,2TM,C,21,0,95,4.9,0.332,0.0,0.231,14.2,16.3,15.2,1.6,0.6,2.5,6.5,14.6,-0.1,0.1,0.0,-0.007,-7.4,-2.6,-10.0,-0.2,,brezepr01,2010
535,Primož Brezec,30,PHI,C,7,0,36,0.4,0.18,0.0,0.154,19.4,20.0,19.6,0.0,1.5,2.2,0.0,17.6,-0.1,0.0,-0.1,-0.113,-10.7,-5.9,-16.6,-0.1,,brezepr01,2010
536,Primož Brezec,30,MIL,C,14,0,59,7.6,0.474,0.0,0.308,11.0,14.2,12.5,2.6,0.0,2.7,11.9,12.9,0.0,0.1,0.1,0.057,-5.4,-0.6,-6.0,-0.1,,brezepr01,2010
537,Renaldo Balkman,25,DEN,SF,13,1,91,6.6,0.339,0.389,0.333,5.1,23.9,14.6,10.6,4.5,1.7,22.5,13.0,-0.2,0.2,0.0,-0.001,-5.8,3.3,-2.4,0.0,,balkmre01,2010
538,Sean Marks,34,NOH,C,14,0,75,9.0,0.49,0.0,0.625,21.5,14.3,18.0,3.6,0.0,3.0,16.4,7.4,0.1,0.0,0.2,0.104,-3.9,-1.3,-5.2,-0.1,,marksse01,2010
539,Cedric Jackson,23,3TM,PG,12,0,74,5.5,0.396,0.3,0.6,3.1,9.4,6.3,27.1,2.1,1.9,30.3,22.4,-0.3,0.1,-0.2,-0.111,-6.2,-0.6,-6.8,-0.1,,jacksce01,2010
540,Cedric Jackson,23,CLE,PG,5,0,10,-6.6,0.133,0.5,2.0,0.0,11.3,6.0,25.5,0.0,0.0,21.0,22.2,-0.1,0.0,-0.1,-0.336,-10.4,-4.5,-14.9,0.0,,jacksce01,2010
541,Cedric Jackson,23,SAS,PG,3,0,25,19.2,0.4,0.286,0.571,4.8,13.8,9.4,33.5,6.3,5.8,18.6,19.7,0.0,0.1,0.1,0.124,-0.8,7.4,6.6,0.1,,jacksce01,2010
542,Cedric Jackson,23,WAS,PG,4,0,39,-0.2,0.47,0.273,0.364,2.9,6.0,4.4,23.5,0.0,0.0,38.5,24.1,-0.2,0.0,-0.2,-0.204,-8.5,-4.8,-13.3,-0.1,,jacksce01,2010
543,Othyus Jeffers,24,UTA,SG,14,0,73,13.6,0.495,0.0,0.655,13.3,17.4,15.4,2.1,2.8,0.0,13.8,26.7,0.0,0.1,0.1,0.067,-3.7,-1.0,-4.6,0.0,,jeffeot01,2010
544,Desmond Mason,32,SAC,SF,5,4,66,6.2,0.472,0.0,0.333,6.9,15.8,11.3,4.2,0.8,1.1,22.5,11.9,0.0,0.0,0.0,-0.007,-4.4,-1.4,-5.7,-0.1,,masonde01,2010
545,Francisco Elson,33,2TM,C,12,0,66,5.5,0.349,0.0,0.333,10.0,14.5,12.1,4.3,0.8,0.0,5.5,12.5,0.0,0.1,0.0,0.022,-4.7,-1.5,-6.2,-0.1,,elsonfr01,2010
546,Francisco Elson,33,MIL,C,11,0,62,5.4,0.36,0.0,0.154,8.7,15.4,11.9,4.6,0.8,0.0,6.7,10.9,0.0,0.1,0.1,0.044,-4.9,-0.9,-5.7,-0.1,,elsonfr01,2010
547,Francisco Elson,33,PHI,C,1,0,4,6.3,0.301,0.0,1.5,29.0,0.0,14.7,0.0,0.0,0.0,0.0,37.8,0.0,0.0,0.0,-0.326,-2.6,-11.5,-14.0,0.0,,elsonfr01,2010
548,Eddy Curry,27,NYK,C,7,0,62,-1.9,0.456,0.0,0.81,7.2,16.8,11.9,0.0,0.0,1.2,31.3,30.2,-0.4,0.0,-0.3,-0.258,-14.4,-4.1,-18.5,-0.3,,curryed01,2010
549,Mike Wilks,30,OKC,PG,4,0,59,5.9,0.581,0.25,0.333,2.0,5.7,3.9,10.1,0.0,0.0,22.5,13.5,0.0,0.0,0.0,0.023,-3.4,-2.8,-6.2,-0.1,,wilksmi01,2010
550,Kareem Rush,29,LAC,SG,7,0,58,4.8,0.409,0.273,0.0,2.0,10.0,6.0,10.0,1.8,3.8,21.4,10.9,-0.1,0.1,0.0,-0.019,-5.3,1.8,-3.5,0.0,,rushka01,2010
551,Byron Mullens,20,OKC,PF,13,0,54,0.7,0.368,0.0,0.0,6.6,14.5,10.6,2.9,1.9,0.0,17.4,19.1,-0.2,0.1,-0.1,-0.077,-11.3,-0.5,-11.8,-0.1,,mulleby01,2010
552,Shavlik Randolph,26,2TM,PF,6,0,53,6.2,0.371,0.0,0.111,15.6,15.6,15.6,3.2,1.0,1.5,13.7,19.5,-0.1,0.1,0.0,-0.013,-6.6,-2.2,-8.8,-0.1,,randosh01,2010
553,Shavlik Randolph,26,MIA,PF,3,0,47,4.9,0.333,0.0,0.0,17.6,14.9,16.3,0.0,1.1,1.7,11.8,17.0,-0.1,0.1,0.0,-0.015,-7.1,-2.2,-9.3,-0.1,,randosh01,2010
554,Shavlik Randolph,26,POR,PF,3,0,6,16.5,0.515,0.0,0.667,0.0,20.8,10.3,28.6,0.0,0.0,20.5,38.6,0.0,0.0,0.0,0.005,-2.9,-2.1,-5.1,0.0,,randosh01,2010
555,Patrick O'Bryant,23,TOR,C,11,0,51,9.9,0.539,0.067,0.4,4.8,20.3,12.7,3.0,2.0,6.0,22.1,20.3,-0.1,0.1,0.0,-0.009,-7.2,0.5,-6.6,-0.1,,obryapa01,2010
556,Travis Diener,27,2TM,PG,9,0,51,7.6,0.255,0.7,0.4,0.0,6.8,3.4,21.8,4.0,0.0,0.0,10.5,0.0,0.1,0.0,0.019,-4.6,2.1,-2.5,0.0,,dienetr01,2010
557,Travis Diener,27,IND,PG,4,0,25,7.9,0.218,0.833,0.333,0.0,8.8,4.4,22.0,5.9,0.0,0.0,12.1,0.0,0.0,0.0,-0.005,-5.4,4.1,-1.3,0.0,,dienetr01,2010
558,Travis Diener,27,POR,PG,5,0,26,7.3,0.307,0.5,0.5,0.0,4.8,2.4,21.7,2.1,0.0,0.0,8.9,0.0,0.0,0.0,0.043,-3.8,0.2,-3.7,0.0,,dienetr01,2010
559,Mike James,34,WAS,PG,4,0,46,5.5,0.383,0.3,0.4,2.5,5.1,3.8,17.3,3.4,0.0,17.5,28.1,-0.2,0.0,-0.1,-0.14,-4.2,-0.6,-4.8,0.0,,jamesmi01,2010
560,Brian Cook,29,HOU,PF,15,0,44,2.4,0.403,0.391,0.304,2.5,21.6,11.7,3.7,0.0,3.3,18.7,32.2,-0.2,0.0,-0.2,-0.191,-8.9,-2.4,-11.3,-0.1,,cookbr01,2010
561,Marcus Haislip,29,SAS,SF,10,0,44,15.4,0.539,0.238,0.238,10.9,15.7,13.3,0.0,0.0,3.3,11.5,27.3,0.0,0.1,0.1,0.065,-0.3,-1.9,-2.2,0.0,,haislma01,2010
562,Yakhouba Diawara,27,MIA,SG,6,2,44,-3.7,0.25,0.6,0.0,2.7,8.0,5.3,9.7,1.2,0.0,23.1,13.9,-0.2,0.0,-0.1,-0.124,-10.5,-0.9,-11.4,-0.1,,diawaya01,2010
563,Patty Mills,21,POR,PG,10,0,38,11.9,0.48,0.167,0.292,3.2,3.3,3.3,27.1,0.0,0.0,12.9,38.9,0.0,0.0,0.0,-0.036,-4.6,-5.6,-10.2,-0.1,,millspa02,2010
564,Will Conroy,27,HOU,PG,5,0,36,-2.4,0.276,0.3,0.2,0.0,9.9,4.8,28.0,0.0,0.0,26.9,18.3,-0.2,0.0,-0.1,-0.192,-10.7,-2.8,-13.5,-0.1,,conrowi01,2010
565,Othello Hunter,23,ATL,SF,7,0,33,7.9,0.4,0.0,0.333,21.0,21.4,21.2,0.0,0.0,2.3,17.9,23.4,-0.1,0.0,0.0,-0.031,-7.0,-4.9,-11.9,-0.1,,hunteot01,2010
566,Taylor Griffin,23,PHO,SF,8,0,32,5.2,0.425,0.2,0.4,0.0,6.7,3.5,4.3,0.0,4.4,7.8,17.6,0.0,0.0,0.0,-0.039,-6.2,-1.9,-8.1,-0.1,,griffta01,2010
567,Alexis Ajinça,21,CHA,C,6,0,30,6.3,0.479,0.0,0.1,4.1,11.8,8.0,0.0,1.8,2.7,16.1,19.3,-0.1,0.0,0.0,-0.013,-6.3,1.0,-5.3,0.0,,ajincal01,2010
568,Joe Alexander,23,CHI,SF,8,0,29,2.8,0.273,0.167,0.5,7.8,11.3,9.6,9.3,1.8,2.6,0.0,11.3,0.0,0.0,0.0,0.03,-9.1,0.9,-8.3,0.0,,alexajo01,2010
569,Oliver Lafayette,25,BOS,SG,1,0,22,12.8,0.583,0.333,0.0,5.7,16.3,11.1,14.4,0.0,0.0,14.3,14.9,0.0,0.0,0.0,0.098,1.4,-3.2,-1.9,0.0,,lafayol01,2010
570,Jason Hart,31,2TM,PG,5,0,22,8.7,0.5,0.0,0.0,0.0,10.9,5.3,36.4,4.6,3.5,60.0,10.3,0.0,0.0,0.0,-0.003,-5.9,5.4,-0.5,0.0,,hartja01,2010
571,Jason Hart,31,MIN,PG,1,0,5,9.3,0.0,0.0,0.0,0.0,0.0,0.0,25.5,10.0,0.0,0.0,8.7,0.0,0.0,0.0,-0.028,-6.1,9.9,3.8,0.0,,hartja01,2010
572,Jason Hart,31,NOH,PG,4,0,17,8.5,1.0,0.0,0.0,0.0,14.1,6.9,39.6,3.0,4.5,75.0,10.8,0.0,0.0,0.0,0.004,-5.9,4.0,-1.8,0.0,,hartja01,2010
573,Antonio Anderson,24,OKC,SF,1,0,15,-1.7,0.333,0.0,0.0,7.9,0.0,3.8,0.0,0.0,0.0,25.0,12.0,0.0,0.0,0.0,-0.104,-7.6,-4.8,-12.4,0.0,,anderan02,2010
574,Paul Davis,25,WAS,PF,2,0,8,33.3,0.512,0.0,0.5,0.0,0.0,0.0,73.8,0.0,9.5,0.0,27.6,0.0,0.0,0.0,0.295,11.9,6.3,18.2,0.0,,davispa01,2010
575,Ryan Bowen,34,OKC,SF,1,0,8,31.3,1.064,0.0,2.0,14.7,14.0,14.3,0.0,6.4,0.0,0.0,10.5,0.1,0.0,0.1,0.509,4.1,7.7,11.8,0.0,,bowenry01,2010
576,Dwayne Jones,26,PHO,PF,2,0,7,1.4,,,,0.0,30.5,16.1,0.0,0.0,0.0,,0.0,0.0,0.0,0.0,0.045,-5.1,0.6,-4.4,0.0,,jonesdw02,2010
577,Trey Gilder,25,MEM,SF,2,0,5,30.9,1.0,0.0,0.0,0.0,23.4,11.7,0.0,10.3,0.0,0.0,8.8,0.0,0.0,0.0,0.336,7.6,13.6,21.2,0.0,,gildetr01,2010
578,JamesOn Curry,24,LAC,PG,1,0,0,,,,,,,,,,,,,0.0,0.0,0.0,,,,,0.0,,curryja01,2010
